"Gene","Module"
"RNU5E-1","turquoise"
"RNU5D-1","turquoise"
"CP","blue"
"CCND2","turquoise"
"DKK1","turquoise"
"HIST1H2BM","turquoise"
"MAL2","brown"
"ALDH1A1","grey"
"EPCAM","brown"
"SNORA73A","turquoise"
"SPARC","turquoise"
"HIST1H1B","turquoise"
"SNORD3B-1","turquoise"
"ESRP1","brown"
"UCA1","grey"
"RXFP1","blue"
"EMP1","turquoise"
"CDH6","grey"
"SRGN","grey"
"VCAN","grey"
"MFAP5","blue"
"EDIL3","grey"
"MACC1","brown"
"SPP1","blue"
"SLC34A2","blue"
"PLAC8","turquoise"
"HIST1H4K","turquoise"
"PCDH18","turquoise"
"HIST1H3I","turquoise"
"LRRN1","grey"
"UBE2MP1","turquoise"
"SEMA3A","turquoise"
"SNORD45A","turquoise"
"CD24","brown"
"SLC2A3","turquoise"
"SNORD60","turquoise"
"THBS1","turquoise"
"PHGDH","turquoise"
"SERPINE1","turquoise"
"SCARNA17","turquoise"
"HAVCR1","blue"
"EFEMP1","turquoise"
"CLDN16","blue"
"HIST2H2AA4","turquoise"
"IL1A","grey"
"HIST1H4C","turquoise"
"RAB25","brown"
"HIST2H3A","turquoise"
"GJA1","turquoise"
"MPZL2","brown"
"TSPAN1","brown"
"HIST1H3D","turquoise"
"ARHGDIB","grey"
"BCAT1","grey"
"ESM1","turquoise"
"SNORA70","turquoise"
"VIM","turquoise"
"TXNIP","grey"
"ITGB6","brown"
"SNORD33","turquoise"
"DPYSL3","turquoise"
"GDA","blue"
"ZNF667-AS1","grey"
"CDH1","brown"
"EHF","brown"
"LGALS3BP","turquoise"
"NOC2L","turquoise"
"SNORD104","turquoise"
"KRT7","grey"
"KRT19","turquoise"
"RAB1C","turquoise"
"SNORD116-14","turquoise"
"DPP4","blue"
"CD36","grey"
"RPL7L1","turquoise"
"DNAJC15","blue"
"DUSP6","turquoise"
"CLDN6","turquoise"
"TM4SF18","turquoise"
"RNU5A-8P","turquoise"
"PROM1","blue"
"ANKRD1","turquoise"
"AKR1C2","turquoise"
"POLR2E","turquoise"
"HIST1H2AB","turquoise"
"HOXB2","turquoise"
"UCHL1","turquoise"
"PPP2R4","turquoise"
"DDR2","turquoise"
"LAMC2","grey"
"SLC38A2","grey"
"S100A16","turquoise"
"CDH2","turquoise"
"HIST2H2AB","turquoise"
"TMEM109","turquoise"
"SNORA68","turquoise"
"SLC35A4","turquoise"
"FN1","grey"
"HSPB1","turquoise"
"NCAM2","turquoise"
"TM4SF1","grey"
"AAMP","turquoise"
"IFI16","grey"
"TFPI","grey"
"TAX1BP3","turquoise"
"EXOSC5","turquoise"
"TGM2","turquoise"
"LOXL2","turquoise"
"SNRPB","turquoise"
"ANPEP","turquoise"
"CDCA7L","turquoise"
"LIN28A","turquoise"
"SNORD116-24","turquoise"
"SLFN11","turquoise"
"TGFB2","grey"
"MRPL49","turquoise"
"SAMD9","grey"
"ITGA2","turquoise"
"AKR1B10","turquoise"
"PLAT","turquoise"
"GPR110","brown"
"TMEM47","blue"
"GCG","grey"
"COL5A2","turquoise"
"WDR74","turquoise"
"HOOK1","brown"
"IL6","blue"
"FBN2","turquoise"
"PLTP","turquoise"
"CYP24A1","grey"
"SNORA21","turquoise"
"ITGB8","brown"
"TRHDE","grey"
"LRCH2","grey"
"QPCT","blue"
"JAM3","turquoise"
"BICC1","blue"
"SLC7A8","grey"
"RN7SL144P","turquoise"
"TGFBI","turquoise"
"ID3","turquoise"
"MMRN1","turquoise"
"PLP2","grey"
"KLHL4","turquoise"
"BEX1","grey"
"SNORD25","turquoise"
"CAV1","grey"
"KRT8","turquoise"
"IL18","brown"
"GALNT5","turquoise"
"SNORA22","turquoise"
"CLDN11","turquoise"
"MET","grey"
"MMP1","turquoise"
"VTCN1","brown"
"CYP1B1","grey"
"IFI44","grey"
"KITLG","turquoise"
"CAV2","turquoise"
"GSTT1","turquoise"
"MT1P1","turquoise"
"SNORD64","grey"
"ARHGAP29","grey"
"TCF4","turquoise"
"DCTPP1","turquoise"
"RGS4","turquoise"
"C12orf57","turquoise"
"NT5E","grey"
"HGF","turquoise"
"CCDC80","turquoise"
"HAPLN1","turquoise"
"FST","turquoise"
"SLCO1B3","turquoise"
"LCP1","turquoise"
"AREG","grey"
"CD109","grey"
"SLPI","brown"
"SNORD116-21","grey"
"ANGPT2","blue"
"CRYAB","blue"
"MMP7","blue"
"GPC3","turquoise"
"CDH5","turquoise"
"TNFSF10","brown"
"PREX2","blue"
"SEMA3D","grey"
"PSENEN","turquoise"
"EPHA7","grey"
"DCLK1","turquoise"
"NLRP2","brown"
"CFH","turquoise"
"GLIPR1","grey"
"MAL","brown"
"GALNT3","brown"
"CDK6","turquoise"
"TACSTD2","brown"
"SCARNA7","turquoise"
"GPX2","turquoise"
"SPON1","blue"
"FRMD6","turquoise"
"SLC38A1","grey"
"SNORD116-19","turquoise"
"FLRT3","blue"
"EYA4","grey"
"PTRF","turquoise"
"FAM129B","turquoise"
"HIST1H4B","turquoise"
"CBX6","turquoise"
"KYNU","blue"
"FLI1","turquoise"
"ANXA3","brown"
"SLC6A15","turquoise"
"HGD","blue"
"TOX","grey"
"FAM129A","turquoise"
"GPR87","grey"
"VAT1L","turquoise"
"PODXL","turquoise"
"SLC16A4","blue"
"RNU1-89P","turquoise"
"GRN","turquoise"
"IER2","turquoise"
"RAB1B","turquoise"
"ALDH1L2","grey"
"AMIGO2","grey"
"SERPINF1","turquoise"
"CPS1","turquoise"
"HIST1H1E","turquoise"
"TNFRSF11B","blue"
"FAM111B","grey"
"UBB","turquoise"
"LPCAT2","grey"
"IGKV1OR9-2","grey"
"CAPG","turquoise"
"SLC5A6","turquoise"
"SERPINB5","grey"
"MME","grey"
"CDH3","turquoise"
"ANXA6","turquoise"
"KLK6","grey"
"GRHL2","brown"
"U2AF2","turquoise"
"UPK1B","grey"
"TMTC1","grey"
"EIF5AL1","turquoise"
"AIM1","brown"
"WLS","turquoise"
"ARFGAP2","turquoise"
"TRIM22","turquoise"
"ITGA3","turquoise"
"MEF2C","turquoise"
"FGFBP1","grey"
"TFPI2","grey"
"USP5","turquoise"
"AKR1C3","turquoise"
"SNORD35A","turquoise"
"CLDN1","grey"
"DCDC2","brown"
"MYEOV","turquoise"
"NAV3","turquoise"
"TEX15","grey"
"AGPAT9","turquoise"
"DPP3","turquoise"
"HNF1B","blue"
"SCIN","grey"
"MUC15","grey"
"CSRP1","turquoise"
"ARF6","turquoise"
"THY1","turquoise"
"LGALS1","turquoise"
"CPSF4","turquoise"
"TMPRSS4","brown"
"SESN3","grey"
"SLC3A2","turquoise"
"BANF1P3","turquoise"
"MAP1B","turquoise"
"OAZ1","turquoise"
"ARL2","turquoise"
"FGF5","turquoise"
"OCIAD2","grey"
"LAMB3","turquoise"
"SNAI2","turquoise"
"POSTN","grey"
"PCDHB5","grey"
"ATG4B","turquoise"
"INHBA","turquoise"
"HIST1H3B","turquoise"
"ELOF1","turquoise"
"HORMAD1","grey"
"ATP8B1","turquoise"
"HIST1H4D","turquoise"
"SSNA1","turquoise"
"NRCAM","blue"
"SEMA6A","grey"
"KRT5","turquoise"
"UQCRHL","turquoise"
"AXL","turquoise"
"LIN28B","grey"
"G6PD","turquoise"
"CALCRL","grey"
"CD151","turquoise"
"HHIP","grey"
"CPED1","turquoise"
"HIST1H2BF","turquoise"
"SLC1A3","turquoise"
"UGT2B11","blue"
"STX10","turquoise"
"ACSL5","grey"
"SHISA3","turquoise"
"KRT18","turquoise"
"HPGD","turquoise"
"TRIM28","turquoise"
"SEMA3E","turquoise"
"NID2","blue"
"VGLL1","brown"
"IL1B","turquoise"
"MRPL24","turquoise"
"ETS1","turquoise"
"NLGN1","turquoise"
"ANTXR2","grey"
"ARHGEF2","turquoise"
"SCEL","brown"
"CFI","grey"
"CYC1","turquoise"
"SNORD95","turquoise"
"CCBE1","turquoise"
"NTS","turquoise"
"TSPAN4","turquoise"
"DSG2","brown"
"IGKV1OR9-1","grey"
"LSM4","turquoise"
"SERPINE2","grey"
"ANXA1","grey"
"TC2N","brown"
"ID1","turquoise"
"PXDN","grey"
"WDR6","turquoise"
"PEG10","blue"
"SPC24","turquoise"
"ZNF711","grey"
"CDCA4","turquoise"
"LGR5","grey"
"USF1","turquoise"
"HNRNPA0","turquoise"
"LIPA","turquoise"
"TLE4","grey"
"CA2","grey"
"ITGB4","turquoise"
"PTPRZ1","grey"
"IRF6","turquoise"
"AK5","grey"
"SYT14","grey"
"HIST2H2AC","turquoise"
"RPS28","turquoise"
"PRAME","grey"
"TMEM156","turquoise"
"C2orf43","turquoise"
"THOC6","turquoise"
"HSD17B14","turquoise"
"MCM5","turquoise"
"LMO3","grey"
"LPAR3","turquoise"
"PDE1C","grey"
"SCN9A","turquoise"
"MALL","turquoise"
"SYT11","turquoise"
"TK1","turquoise"
"FAM198B","grey"
"MAP2K6","turquoise"
"TSTA3","turquoise"
"ZNF730","grey"
"SCARNA12","turquoise"
"BCAP31","turquoise"
"MAMDC2","turquoise"
"MMP10","grey"
"CDR1","grey"
"SEPP1","blue"
"PLOD2","brown"
"BST2","turquoise"
"DAB2","grey"
"SLC7A2","grey"
"FREM2","turquoise"
"CD44","grey"
"UGT1A1","grey"
"C3","blue"
"BCKDHA","turquoise"
"RNVU1-18","turquoise"
"CDK9","turquoise"
"DSP","brown"
"EPHA3","turquoise"
"CRIP2","turquoise"
"RPS2P4","turquoise"
"C19orf48","turquoise"
"HIST1H3J","turquoise"
"SNORD116-8","turquoise"
"DOCK10","grey"
"ANO3","turquoise"
"AGR2","grey"
"LOC440311","turquoise"
"EMP3","turquoise"
"CTSH","turquoise"
"DDIT4","turquoise"
"GPS1","turquoise"
"CYBRD1","turquoise"
"HOXB9","turquoise"
"APOBEC3B","turquoise"
"MED24","turquoise"
"NT5DC2","turquoise"
"CHRDL1","turquoise"
"IVD","turquoise"
"LRRC59","turquoise"
"WBSCR16","turquoise"
"PRTFDC1","grey"
"NAP1L3","turquoise"
"AIP","turquoise"
"LCN2","brown"
"MRTO4","turquoise"
"VEPH1","grey"
"ARMC6","turquoise"
"BNC1","turquoise"
"CASP4","grey"
"CDC20","turquoise"
"ARHGAP28","grey"
"TSPYL5","grey"
"GANAB","turquoise"
"CTSD","turquoise"
"ENC1","turquoise"
"ARMCX2","turquoise"
"TP53","turquoise"
"BSG","turquoise"
"GNG11","turquoise"
"RNVU1-6","turquoise"
"GAS6","turquoise"
"SNORD15B","turquoise"
"CD2BP2","turquoise"
"LINC01123","grey"
"RGS5","turquoise"
"EPHA2","turquoise"
"TMEM154","grey"
"LY6E","turquoise"
"AES","turquoise"
"IFIH1","grey"
"DKK2","grey"
"RNF144B","grey"
"TPI1P1","turquoise"
"GPC4","grey"
"ASF1B","turquoise"
"SLC27A2","turquoise"
"RRP7A","turquoise"
"SLIT2","grey"
"DFNA5","turquoise"
"KAL1","grey"
"EIF6","turquoise"
"RBP1","grey"
"POFUT1","turquoise"
"PLK2","grey"
"PFKM","turquoise"
"SLC25A6P2","turquoise"
"SLC25A39","turquoise"
"RAB3B","turquoise"
"MOGS","turquoise"
"MCM2","turquoise"
"MARVELD2","brown"
"MPDU1","turquoise"
"CRABP2","turquoise"
"MB21D1","grey"
"SART1","turquoise"
"PLBD1","grey"
"CA12","grey"
"AHR","grey"
"KCNJ16","blue"
"PLEK2","turquoise"
"RIC8A","turquoise"
"FLNA","turquoise"
"SLC39A1","turquoise"
"TES","grey"
"GPNMB","grey"
"CDH10","turquoise"
"ADM","turquoise"
"FASN","turquoise"
"ADD2","turquoise"
"GCNT4","grey"
"CLDN7","turquoise"
"TSPAN7","turquoise"
"PLEKHA2","turquoise"
"DSC3","grey"
"S100A2","turquoise"
"ATP5SL","turquoise"
"ADAMTS12","turquoise"
"DNAJB1","turquoise"
"IFITM1","grey"
"PNPO","turquoise"
"IGF2BP1","turquoise"
"MAGED2","turquoise"
"PYGB","turquoise"
"KRT81","turquoise"
"GPRC5B","grey"
"S100A14","brown"
"GRK6","turquoise"
"MCTP1","grey"
"WDR34","turquoise"
"KCNMA1","turquoise"
"PLAU","turquoise"
"OLFML1","turquoise"
"KRT13","turquoise"
"ISYNA1","turquoise"
"PPAP2C","turquoise"
"RBMS3","grey"
"IL1R1","brown"
"CFL1","turquoise"
"EMB","grey"
"CCNF","turquoise"
"TENM3","grey"
"UQCRC1","turquoise"
"F3","grey"
"MIR302A","turquoise"
"MIR302B","turquoise"
"SHISA5","turquoise"
"EIF4H","turquoise"
"CPA4","turquoise"
"OLR1","turquoise"
"KLHL13","grey"
"SERPINB2","turquoise"
"LSS","turquoise"
"GRWD1","turquoise"
"MYH9","turquoise"
"PMPCA","turquoise"
"RNH1","turquoise"
"PTPRD","grey"
"TRIM59","grey"
"TMEM71","turquoise"
"NRP1","turquoise"
"STEAP4","brown"
"TAGLN","turquoise"
"RBP4","blue"
"RND3","brown"
"SLC38A4","grey"
"TIE1","turquoise"
"MYBBP1A","turquoise"
"CPVL","grey"
"CTGF","turquoise"
"AP1M1","turquoise"
"DPP9","turquoise"
"ECH1","turquoise"
"EEF1DP1","turquoise"
"TCF25","turquoise"
"KLK5","turquoise"
"KLHDC3","turquoise"
"LIPH","turquoise"
"NR1H2","turquoise"
"DUS1L","turquoise"
"INPP4B","turquoise"
"TP63","turquoise"
"HIF1AN","turquoise"
"INA","grey"
"VAT1","turquoise"
"LRRC17","grey"
"SNORA71A","turquoise"
"FYN","turquoise"
"PTPLAD2","grey"
"SAA1","grey"
"GPAA1","turquoise"
"HIST3H2A","turquoise"
"GPX4","turquoise"
"ERBB4","grey"
"GPRC5A","grey"
"HIST1H4L","turquoise"
"GPR126","turquoise"
"GPX3","blue"
"BABAM1","turquoise"
"SPINT2","grey"
"ANXA10","turquoise"
"VLDLR-AS1","blue"
"PMF1","turquoise"
"ELOVL7","brown"
"RMRP","turquoise"
"BIN3","turquoise"
"NLGN4X","turquoise"
"SQSTM1","turquoise"
"NAT9","turquoise"
"HOXB6","turquoise"
"LYPLAL1","turquoise"
"MID1","grey"
"CDCP1","grey"
"MT2P1","turquoise"
"SIX1","turquoise"
"NPRL3","turquoise"
"DOCK11","turquoise"
"SLC39A7","turquoise"
"TUFT1","turquoise"
"USP11","turquoise"
"MT1X","turquoise"
"PHLDA1","turquoise"
"CALB1","grey"
"MT2A","turquoise"
"SNCA","turquoise"
"PEMT","turquoise"
"PRTG","turquoise"
"KRT4","turquoise"
"NAGA","turquoise"
"PSMB9","turquoise"
"AP2S1","turquoise"
"MAP2","turquoise"
"SLC16A7","grey"
"FSCN1","turquoise"
"ACTR1A","turquoise"
"SNORA40","turquoise"
"BEX4","grey"
"SNX17","turquoise"
"GFRA1","grey"
"RPA1","turquoise"
"IFI44L","grey"
"CMBL","grey"
"FKBP10","turquoise"
"ECI1","turquoise"
"TGFA","turquoise"
"ADAM15","turquoise"
"PLIN2","grey"
"LYPD1","grey"
"TRPS1","grey"
"ATAD3B","turquoise"
"SURF4","turquoise"
"TINAGL1","turquoise"
"NPNT","grey"
"CHMP1A","turquoise"
"FGFR2","turquoise"
"PECAM1","grey"
"DCAF4","turquoise"
"LOC101060546","turquoise"
"BAK1","turquoise"
"BCS1L","turquoise"
"EEF1D","turquoise"
"KIFC1","turquoise"
"NSUN5","turquoise"
"SERPINH1","turquoise"
"PPP1R8","turquoise"
"COMT","turquoise"
"SERPINB1","grey"
"ELAC2","turquoise"
"GPC6","turquoise"
"SFN","turquoise"
"MLF2","turquoise"
"PHF5A","turquoise"
"RANGAP1","turquoise"
"SLC1A1","turquoise"
"SAMD9L","grey"
"SUB1P1","turquoise"
"ITGB3","blue"
"LOX","grey"
"SLC43A3","grey"
"MGST1","grey"
"SNORD116-20","turquoise"
"SNORD26","turquoise"
"IL13RA2","grey"
"OXCT1","turquoise"
"FGF2","turquoise"
"ACTBP7","turquoise"
"HIST1H3A","turquoise"
"ZNF512","turquoise"
"SOX2","turquoise"
"THSD1","turquoise"
"FXYD3","turquoise"
"SLC7A3","turquoise"
"FAM83B","brown"
"VGLL3","turquoise"
"BBS5","turquoise"
"TSPAN5","turquoise"
"WDR17","turquoise"
"CEACAM6","turquoise"
"IFIT1","turquoise"
"PLCB4","grey"
"CD99","turquoise"
"FAP","turquoise"
"COL12A1","grey"
"BCAT2","turquoise"
"KIAA0408","turquoise"
"GREM1","grey"
"MRPL46","turquoise"
"SLC7A5","turquoise"
"IQGAP2","grey"
"SLC16A6","grey"
"EXTL3","turquoise"
"ABCC2","turquoise"
"EHD4","turquoise"
"PLXNA2","turquoise"
"XAB2","turquoise"
"KRT18P11","turquoise"
"EDNRB","grey"
"HGS","turquoise"
"TIMM13","turquoise"
"AGPAT2","turquoise"
"SLC16A1","turquoise"
"ACO2","turquoise"
"LIFR","turquoise"
"CXorf40B","turquoise"
"YKT6","turquoise"
"TMEM88","turquoise"
"WDR55","turquoise"
"EFTUD2","turquoise"
"FLRT2","turquoise"
"SDC1","turquoise"
"MRPL23","turquoise"
"IAH1","grey"
"SNORD116-15","turquoise"
"RNF216P1","turquoise"
"PCYT2","turquoise"
"HIST1H1A","grey"
"ITGA5","turquoise"
"PRPSAP2","turquoise"
"SDC2","grey"
"SLC37A4","turquoise"
"CT45A5","grey"
"ID2","grey"
"SNORD116-3","turquoise"
"POR","turquoise"
"RNU2-1","turquoise"
"TNFRSF10D","turquoise"
"ERAP2","grey"
"MPI","turquoise"
"DHRS3","turquoise"
"TKT","turquoise"
"C9orf64","grey"
"FERMT1","turquoise"
"CACNA2D1","grey"
"ELP5","turquoise"
"VPS37B","turquoise"
"PKP2","grey"
"LRRC41","turquoise"
"SLC2A1","turquoise"
"HIST1H3H","turquoise"
"SLC2A14","turquoise"
"CDPF1","turquoise"
"PRMT7","turquoise"
"APOA1BP","turquoise"
"B3GAT3","turquoise"
"STOM","turquoise"
"MCAM","turquoise"
"AKT3","grey"
"NALCN","grey"
"CLCN7","turquoise"
"MEST","turquoise"
"DLX5","grey"
"FPGS","turquoise"
"METTL7A","turquoise"
"IFIT2","turquoise"
"MTG2","turquoise"
"BCHE","grey"
"NRP2","grey"
"IGFBP5","grey"
"PKN1","turquoise"
"SH3BGRL","grey"
"LOC642533","turquoise"
"SDR42E1","brown"
"FKBP8","turquoise"
"FAM64A","turquoise"
"SCNN1A","brown"
"ACTG1","turquoise"
"FLNC","turquoise"
"FADS2","turquoise"
"LUM","grey"
"NDUFC2-KCTD14","turquoise"
"PRKCSH","turquoise"
"PSMB8","turquoise"
"GLT8D2","grey"
"PMEPA1","turquoise"
"ETV1","turquoise"
"TMEM98","turquoise"
"MYBL2","turquoise"
"PSMB6","turquoise"
"HTATIP2","grey"
"LURAP1L","turquoise"
"RARB","turquoise"
"NXN","turquoise"
"CTBP1","turquoise"
"HENMT1","grey"
"TBC1D13","turquoise"
"GCN1L1","turquoise"
"PVRL3","blue"
"ANK2","turquoise"
"RPS6KA6","grey"
"MERTK","turquoise"
"CKMT1A","turquoise"
"CKMT1B","turquoise"
"KIAA1324L","grey"
"NXPE3","turquoise"
"LXN","grey"
"HIST1H2BJ","turquoise"
"TMUB1","turquoise"
"FRMD5","turquoise"
"ZNF215","turquoise"
"UBBP4","turquoise"
"CST6","brown"
"RN7SL674P","turquoise"
"TNFRSF10B","turquoise"
"C7orf49","turquoise"
"TGFBR2","turquoise"
"SIRT2","turquoise"
"MMP14","turquoise"
"POU1F1","turquoise"
"RN7SL253P","turquoise"
"RHBDD2","turquoise"
"MPPED2","grey"
"ROBO2","grey"
"NID1","turquoise"
"PPP1CA","turquoise"
"TNFSF18","grey"
"NIPAL3","turquoise"
"TRMT1","turquoise"
"STK16","turquoise"
"PRPS1","turquoise"
"PSMD3","turquoise"
"TNS3","turquoise"
"KCNT2","grey"
"NELL2","grey"
"AKT1","turquoise"
"MRPL28","turquoise"
"SV2A","turquoise"
"LPAR1","grey"
"RN7SL277P","turquoise"
"EPB41L4A","brown"
"CLPTM1L","turquoise"
"COL3A1","turquoise"
"SNRNP70","turquoise"
"APH1B","turquoise"
"ALDH18A1","turquoise"
"DDX56","turquoise"
"LMAN2L","turquoise"
"EEF1A2","turquoise"
"HOXC10","turquoise"
"ADAMTS3","grey"
"CSRNP3","grey"
"RNU2-2P","turquoise"
"FILIP1","blue"
"NREP","grey"
"HMCN1","grey"
"TNFAIP2","turquoise"
"ACSS3","grey"
"ENO1","turquoise"
"DUSP5","turquoise"
"CDH13","grey"
"TSPAN8","grey"
"WDR72","grey"
"ARL4C","turquoise"
"TGFB1","turquoise"
"PPP2R1A","turquoise"
"CAPN1","turquoise"
"GFPT2","turquoise"
"H19","turquoise"
"TMEM43","turquoise"
"PSMB3","turquoise"
"LOC100133315","turquoise"
"ST14","brown"
"RIPK4","turquoise"
"NDUFAF1","turquoise"
"EXOSC2","turquoise"
"RBPMS","grey"
"SQRDL","grey"
"ABCB1","grey"
"PCDHB2","turquoise"
"CYB561A3","turquoise"
"TSPAN2","grey"
"AOX1","turquoise"
"VARS","turquoise"
"AFAP1L2","turquoise"
"CNTN1","grey"
"FAM126A","turquoise"
"ENPP2","grey"
"SLC35E2B","turquoise"
"CD274","grey"
"TUFM","turquoise"
"MIF","turquoise"
"FBN1","grey"
"LIX1","grey"
"PFAS","turquoise"
"CYP4F11","grey"
"BYSL","turquoise"
"H1F0","turquoise"
"LEF1","turquoise"
"ZNF114","grey"
"DGCR6","turquoise"
"SNORD1C","turquoise"
"NFIB","grey"
"HIST2H2BA","turquoise"
"KRT15","turquoise"
"GSG1","turquoise"
"JAG1","turquoise"
"TRAF7","turquoise"
"IL7R","turquoise"
"NRG1","grey"
"MOCS3","turquoise"
"COL1A2","turquoise"
"CXADR","turquoise"
"DBNL","turquoise"
"MIR31HG","turquoise"
"RAB27B","grey"
"DHCR7","turquoise"
"PLA2G4A","grey"
"LONP1","turquoise"
"CAMK2N1","grey"
"PHLDB2","grey"
"IGFBP6","turquoise"
"GSTM3","blue"
"TM4SF19","grey"
"POPDC3","turquoise"
"SNORA64","turquoise"
"CAMK4","turquoise"
"ZEB1","turquoise"
"SSSCA1","turquoise"
"DPYD","turquoise"
"PRSS23","turquoise"
"ITM2C","turquoise"
"TUBB2B","turquoise"
"SPNS1","turquoise"
"BMP4","turquoise"
"SH3BP5L","turquoise"
"CPT1A","turquoise"
"PHYHIPL","blue"
"ABCG2","turquoise"
"PDLIM1","grey"
"CES2","turquoise"
"TIMP3","grey"
"USP44","blue"
"CRISPLD1","grey"
"MTAP","turquoise"
"MOXD1","grey"
"HMG20B","turquoise"
"JUN","turquoise"
"QSOX1","turquoise"
"DUSP1","turquoise"
"RFC2","turquoise"
"R3HDM4","turquoise"
"ELOVL6","turquoise"
"CPM","blue"
"SH3GL1","turquoise"
"UGT2B7","blue"
"SPRY1","turquoise"
"NRIP1","grey"
"SCN2A","turquoise"
"PLCE1","grey"
"NEGR1","grey"
"EDC3","turquoise"
"BCL2L1","turquoise"
"SLC25A21","turquoise"
"OGFR","turquoise"
"RANBP3","turquoise"
"CANT1","turquoise"
"TPRA1","turquoise"
"CCNA1","grey"
"TPD52L2","turquoise"
"PTX3","turquoise"
"TUSC3","grey"
"SNORA49","turquoise"
"ADAMTS9","grey"
"ARHGEF28","turquoise"
"FANCC","turquoise"
"PLIN3","turquoise"
"SLC22A3","turquoise"
"NPR3","grey"
"HKDC1","turquoise"
"ABLIM3","turquoise"
"TEK","turquoise"
"PSD3","turquoise"
"KIF2C","turquoise"
"SFRP2","turquoise"
"ACAT1","turquoise"
"SNORA45A","turquoise"
"GLI3","turquoise"
"DDB1","turquoise"
"TXNL4A","turquoise"
"TIMM8A","turquoise"
"ITFG3","turquoise"
"INTS9","turquoise"
"HES1","turquoise"
"PRL","grey"
"HEY2","turquoise"
"S1PR1","turquoise"
"SERPING1","blue"
"GALC","grey"
"BRMS1","turquoise"
"RRS1","turquoise"
"OSTN","turquoise"
"KRT17","turquoise"
"C19orf12","turquoise"
"SERPINB13","turquoise"
"GBP1","grey"
"PIAS4","turquoise"
"GALNT2","turquoise"
"ARPC1B","turquoise"
"NUCB1","turquoise"
"SPATA20","turquoise"
"RRAS","turquoise"
"ARID2","grey"
"RNF25","turquoise"
"GULP1","blue"
"TRIB3","turquoise"
"RNF121","turquoise"
"SCAF11","grey"
"PMP22","turquoise"
"ALDH2","turquoise"
"PSPH","turquoise"
"LEPREL1","grey"
"CBS","turquoise"
"STC2","turquoise"
"ARAP1","turquoise"
"PFKL","turquoise"
"RASA3","turquoise"
"ELL2P1","turquoise"
"TMEM52B","turquoise"
"CLMP","turquoise"
"CRIM1","turquoise"
"GUCY1A3","grey"
"POLD1","turquoise"
"LOC101927628","turquoise"
"ACLY","turquoise"
"IL20RB","turquoise"
"NNT","turquoise"
"ZNF204P","brown"
"TTLL12","turquoise"
"NIPAL1","turquoise"
"MMP16","turquoise"
"ITGA4","turquoise"
"SHMT1","turquoise"
"RPS26P2","turquoise"
"IRF1","turquoise"
"DNER","turquoise"
"FARSA","turquoise"
"NOL6","turquoise"
"CYP51A1","turquoise"
"HEY1","turquoise"
"IGFBP2","turquoise"
"SLC35F2","turquoise"
"F2RL1","turquoise"
"PDE3B","turquoise"
"HPCAL1","turquoise"
"TMSB15A","grey"
"PLEKHB2","turquoise"
"GIPC1","turquoise"
"HLA-E","turquoise"
"TIMM44","turquoise"
"SNORD32A","turquoise"
"ARRDC4","grey"
"GNB2","turquoise"
"MFSD12","turquoise"
"ZYX","turquoise"
"ASNA1","turquoise"
"RRP7B","turquoise"
"POMK","turquoise"
"ALKBH6","turquoise"
"SNORD45C","turquoise"
"UGT8","grey"
"CES1","turquoise"
"PLA2G7","brown"
"SSBP2","turquoise"
"ZNF229","turquoise"
"APOL2","turquoise"
"CUBN","turquoise"
"HMGCL","turquoise"
"PDGFD","turquoise"
"NNMT","grey"
"STAP2","turquoise"
"RHOBTB3","turquoise"
"ADAM23","turquoise"
"MIR27B","turquoise"
"AASS","turquoise"
"ATP5D","turquoise"
"MEIS1","turquoise"
"DDX41","turquoise"
"PAX9","turquoise"
"PLRG1","turquoise"
"MRFAP1","turquoise"
"PHB2","turquoise"
"PLEC","turquoise"
"CPNE8","grey"
"SUMF2","turquoise"
"YRDC","turquoise"
"CDT1","turquoise"
"TMEM45B","grey"
"HTR1D","turquoise"
"WDR77","turquoise"
"RNU6-639P","turquoise"
"AP4M1","turquoise"
"PBX1","grey"
"PRPF19","turquoise"
"GPM6A","turquoise"
"NMRAL1","turquoise"
"MSRB1","turquoise"
"IFI30","turquoise"
"CELF1","turquoise"
"GPR39","grey"
"CDK14","grey"
"RAC2","turquoise"
"APOBEC3C","turquoise"
"RCBTB1","turquoise"
"ENTPD6","turquoise"
"RFXANK","turquoise"
"PRKAR2B","turquoise"
"UBL4A","turquoise"
"COL4A1","turquoise"
"POMT1","turquoise"
"ADAMTS6","turquoise"
"NPLOC4","turquoise"
"SARS2","turquoise"
"RN7SL769P","turquoise"
"GYG2","turquoise"
"BLCAP","turquoise"
"ENG","turquoise"
"SNORD116-5","turquoise"
"ACSM3","blue"
"HCLS1","turquoise"
"EREG","grey"
"VAMP8","turquoise"
"TDO2","turquoise"
"KTI12","turquoise"
"ALDH3A1","turquoise"
"ARMCX1","turquoise"
"PCDH9","grey"
"SNORA71D","turquoise"
"ENO2","turquoise"
"MGAT1","turquoise"
"SGK1","turquoise"
"FKBP5","turquoise"
"PSMG3","turquoise"
"PTPRM","grey"
"LAMA4","grey"
"PDPN","turquoise"
"KCNK2","grey"
"LOC339803","turquoise"
"TIMM17B","turquoise"
"XRCC2","turquoise"
"ACTG1P1","turquoise"
"EPAS1","turquoise"
"EML3","turquoise"
"TP53I3","turquoise"
"TUBB6","turquoise"
"MUL1","turquoise"
"HNRNPF","turquoise"
"PLA2G16","turquoise"
"PRKAA2","brown"
"UBL7","turquoise"
"TNC","grey"
"KCNAB2","turquoise"
"SPOCK2","turquoise"
"TBL3","turquoise"
"ZBED2","grey"
"NDUFV1","turquoise"
"RAD23A","turquoise"
"TOMM40","turquoise"
"NMI","turquoise"
"VOPP1","turquoise"
"RPL22L1","turquoise"
"NEFH","turquoise"
"TPD52L1","brown"
"SNORD75","turquoise"
"SERPINB9","turquoise"
"AP2M1","turquoise"
"SRPX","turquoise"
"AP1S1","turquoise"
"RPUSD3","turquoise"
"GPX8","turquoise"
"ANTXR1","grey"
"STC1","blue"
"MAPK13","turquoise"
"SNORD42B","turquoise"
"ATP6V0C","turquoise"
"BIRC3","blue"
"LLGL1","turquoise"
"COLGALT1","turquoise"
"BDNF","turquoise"
"GADD45A","turquoise"
"PCOLCE","turquoise"
"DVL2","turquoise"
"GPT2","turquoise"
"TRUB2","turquoise"
"DAPK1","grey"
"SEPW1","turquoise"
"HIST1H1D","turquoise"
"RRN3","turquoise"
"LRRC47","turquoise"
"BAP1","turquoise"
"RPS6KB2","turquoise"
"NMU","grey"
"CERK","turquoise"
"MSRB3","turquoise"
"CHN1","turquoise"
"CXorf57","turquoise"
"GINS4","turquoise"
"GNL3L","turquoise"
"CLU","turquoise"
"CXCL8","grey"
"GLULP4","grey"
"TMEM30B","grey"
"KBTBD4","turquoise"
"ST8SIA6","grey"
"MRPL2","turquoise"
"IFI35","turquoise"
"IL10RB","turquoise"
"CNP","turquoise"
"DUSP10","grey"
"SFXN2","turquoise"
"RND2","turquoise"
"PALMD","grey"
"ZNF22","grey"
"RARRES3","grey"
"LDLRAP1","turquoise"
"C14orf105","grey"
"SLC6A6","turquoise"
"ETV4","turquoise"
"BICD2","turquoise"
"FAM86MP","turquoise"
"NF1","grey"
"AP3D1","turquoise"
"SPOCK1","grey"
"SLCO4C1","blue"
"HIST1H2AI","turquoise"
"CLIP4","brown"
"SNORD116-1","turquoise"
"TBC1D9B","turquoise"
"NUDT11","turquoise"
"KLF7","turquoise"
"STK11","turquoise"
"ZNF608","grey"
"HIATL2","turquoise"
"STXBP2","turquoise"
"SDF4","turquoise"
"UGT3A2","turquoise"
"TBC1D2","turquoise"
"GLB1L2","turquoise"
"CCDC68","turquoise"
"ADAT1","turquoise"
"AS3MT","grey"
"CENPBD1P1","turquoise"
"BAG2","turquoise"
"PEPD","turquoise"
"RPPH1","turquoise"
"RAB43","turquoise"
"LIMD1","turquoise"
"SACS","turquoise"
"KCTD5","turquoise"
"NFIA","grey"
"CCAR2","turquoise"
"SPPL2B","turquoise"
"ARID5B","grey"
"PES1","turquoise"
"VPS4A","turquoise"
"QTRT1","turquoise"
"CLN6","turquoise"
"TIMP1","turquoise"
"PHF23","turquoise"
"SCARNA6","turquoise"
"EEF1A1P11","turquoise"
"SLC39A8","grey"
"TSPAN15","turquoise"
"COL11A1","turquoise"
"SPRYD3","turquoise"
"GSTP1","turquoise"
"ELOVL4","turquoise"
"WDR73","turquoise"
"FAM134C","turquoise"
"CCDC12","turquoise"
"PS1TP4","turquoise"
"CCDC124","turquoise"
"EDNRA","grey"
"GTSF1","grey"
"SEPT2","turquoise"
"APLP1","turquoise"
"RNF40","turquoise"
"COPZ1","turquoise"
"EML2","turquoise"
"ASB6","turquoise"
"PELP1","turquoise"
"HSPA1B","turquoise"
"CYB5A","turquoise"
"HIST3H2BA","turquoise"
"TEX261","turquoise"
"SLC25A10","turquoise"
"RBM12","turquoise"
"UBE2S","turquoise"
"APEX2","turquoise"
"UBA1","turquoise"
"FAM49A","grey"
"EDN1","grey"
"SFXN1","turquoise"
"RALY","turquoise"
"MICAL2","grey"
"FXYD5","turquoise"
"LAPTM5","turquoise"
"ZNF777","turquoise"
"WNK3","grey"
"POTEKP","turquoise"
"TAP2","turquoise"
"TNFRSF10A","turquoise"
"MMP2","turquoise"
"FLII","turquoise"
"SZRD1","turquoise"
"AMOTL2","turquoise"
"GALNT13","grey"
"PHF19","turquoise"
"PLCXD1","turquoise"
"GLTSCR2","turquoise"
"PRKD1","grey"
"HSP90AA6P","turquoise"
"MVP","turquoise"
"WDTC1","turquoise"
"ARSJ","grey"
"NAP1L2","grey"
"RNF182","grey"
"ADAM19","turquoise"
"CDIPT","turquoise"
"SNORD8","turquoise"
"DCAF15","turquoise"
"CTSE","turquoise"
"DUSP7","turquoise"
"SRPX2","turquoise"
"PRR5L","turquoise"
"HIST2H3DP1","turquoise"
"BAMBI","turquoise"
"MAP2K2","turquoise"
"ANO5","grey"
"COG4","turquoise"
"CASP9","turquoise"
"KAT8","turquoise"
"RNU1-59P","turquoise"
"DHRS13","turquoise"
"FRMD4A","turquoise"
"DCLK2","turquoise"
"ZBED4","turquoise"
"LDOC1","turquoise"
"OGDH","turquoise"
"GRB10","turquoise"
"PCDHB14","turquoise"
"NOP2","turquoise"
"CA8","blue"
"ANKH","turquoise"
"ADRM1","turquoise"
"EPHB4","turquoise"
"SCN3A","turquoise"
"LZTR1","turquoise"
"MBOAT7","turquoise"
"KRT23","brown"
"MMP3","turquoise"
"ZNF300","turquoise"
"PSTPIP2","turquoise"
"MCTP2","grey"
"TNFRSF19","turquoise"
"TFAP2C","turquoise"
"FHL3","turquoise"
"SLC25A11","turquoise"
"SNRPA","turquoise"
"APBB1IP","grey"
"MRPS34","turquoise"
"PIK3CG","turquoise"
"MOB3B","turquoise"
"PLXNA1","turquoise"
"CLGN","grey"
"RPIA","turquoise"
"CENPV","turquoise"
"POLD2","turquoise"
"SLC39A3","turquoise"
"GPRIN3","turquoise"
"H3F3C","turquoise"
"PDE5A","grey"
"DOCK4","turquoise"
"TWF2","turquoise"
"PEF1","turquoise"
"M6PR","turquoise"
"BMP7","turquoise"
"CXCL16","brown"
"ANXA8","turquoise"
"GEMIN4","turquoise"
"MBTPS1","turquoise"
"PGD","turquoise"
"WDR18","turquoise"
"HSD17B2","turquoise"
"WBP1L","turquoise"
"TIMM22","turquoise"
"DOLPP1","turquoise"
"RHOJ","turquoise"
"GNA12","turquoise"
"LYZ","turquoise"
"AP1B1","turquoise"
"LGR4","turquoise"
"IFI27","turquoise"
"ABCA1","turquoise"
"SLC27A4","turquoise"
"SLC35C2","turquoise"
"SPATA18","turquoise"
"CKB","turquoise"
"MRPS12","turquoise"
"RUVBL2","turquoise"
"PRKCH","grey"
"SLC7A11","turquoise"
"LMNB2","turquoise"
"TMEM54","turquoise"
"DEPTOR","blue"
"WDR46","turquoise"
"E2F4","turquoise"
"DSE","turquoise"
"RASSF9","turquoise"
"RNU6-531P","blue"
"KCNJ2","grey"
"HSPA1A","turquoise"
"DUSP14","turquoise"
"CHCHD10","turquoise"
"MFSD10","turquoise"
"GCNT3","grey"
"DSG3","turquoise"
"CD68","turquoise"
"ANO10","turquoise"
"MX1","grey"
"CYFIP2","turquoise"
"TMEM218","turquoise"
"ULBP3","turquoise"
"CMTM3","turquoise"
"MLH1","grey"
"SHKBP1","turquoise"
"SNORD28","turquoise"
"ERAL1","turquoise"
"DHDDS","turquoise"
"MEPCE","turquoise"
"TRIP10","turquoise"
"BCL7B","turquoise"
"TPK1","grey"
"GATSL2","turquoise"
"ACTBP2","turquoise"
"ANKRD36BP1","blue"
"CD81","turquoise"
"SNORD45B","turquoise"
"ORAI2","turquoise"
"GEMIN7","turquoise"
"LYPD6B","grey"
"SNORA74A","turquoise"
"SLFN5","grey"
"CCL2","grey"
"PYCR1","turquoise"
"MCM7","turquoise"
"FBXO45","turquoise"
"TOE1","turquoise"
"SLC39A14","turquoise"
"MAPRE2","turquoise"
"CLIC6","blue"
"MT1E","grey"
"NUDCD3","turquoise"
"DCTN1","turquoise"
"THSD4","turquoise"
"SLC44A3","turquoise"
"LRPAP1","turquoise"
"ALDH3A2","turquoise"
"PPAP2B","turquoise"
"FXN","turquoise"
"PLD3","turquoise"
"TMEM222","turquoise"
"FAM96B","turquoise"
"TBC1D2B","turquoise"
"LINC00909","turquoise"
"TRIM16","turquoise"
"APOL1","grey"
"EWSR1","turquoise"
"DDX54","turquoise"
"TSC22D3","turquoise"
"ZNF304","turquoise"
"HIST1H2AH","turquoise"
"HDAC11","turquoise"
"IFITM3","turquoise"
"EPS8","brown"
"KIAA1549L","turquoise"
"INPP1","turquoise"
"HLA-DMB","grey"
"PEX5","turquoise"
"SNORA71C","turquoise"
"TBCB","turquoise"
"ITGB5","turquoise"
"RHBDL2","turquoise"
"PTGS2","grey"
"CNTNAP3B","turquoise"
"POTEM","turquoise"
"C12orf5","turquoise"
"EVA1C","turquoise"
"SFRP1","turquoise"
"OLFM3","grey"
"ARHGAP18","grey"
"TSPAN13","turquoise"
"SH2D4A","turquoise"
"CENPO","turquoise"
"FABP5","turquoise"
"TAF6","turquoise"
"PCDHB16","turquoise"
"FEZ1","turquoise"
"ANO6","grey"
"LIMK1","turquoise"
"CIRBP","turquoise"
"CXCL1","grey"
"MED20","turquoise"
"HSPB8","turquoise"
"GUCD1","turquoise"
"PADI2","turquoise"
"MB21D2","turquoise"
"NOB1","turquoise"
"ITPA","turquoise"
"MIR21","turquoise"
"ATP8B2","turquoise"
"GMDS","turquoise"
"LRP5","turquoise"
"KLC2","turquoise"
"SLC38A5","turquoise"
"PPP4C","turquoise"
"SNAPC2","turquoise"
"NAGK","turquoise"
"WDR4","turquoise"
"CASP1","turquoise"
"RFTN1","turquoise"
"ALDOC","turquoise"
"PGS1","turquoise"
"DAK","turquoise"
"PUF60","turquoise"
"DUSP4","turquoise"
"GLDC","turquoise"
"RPL7L1P11","turquoise"
"DCXR","turquoise"
"VPS18","turquoise"
"FZR1","turquoise"
"LMAN2","turquoise"
"SNORD41","turquoise"
"ZFHX4","grey"
"ALKBH5","turquoise"
"SNORA9","turquoise"
"MUM1","turquoise"
"CDC34","turquoise"
"DEXI","turquoise"
"TATDN2","turquoise"
"TLN1","turquoise"
"REEP4","turquoise"
"GLIS3","grey"
"DSEL","blue"
"MT1F","turquoise"
"KDR","turquoise"
"ABCD2","turquoise"
"ARMCX3","turquoise"
"ALG1","turquoise"
"MKNK1","turquoise"
"RPS2P7","turquoise"
"SAP30BP","turquoise"
"UROD","turquoise"
"AP2A1","turquoise"
"LSM7","turquoise"
"CHRNA6","blue"
"FADD","turquoise"
"VEGFC","turquoise"
"FADS3","turquoise"
"TLR4","grey"
"MOCOS","turquoise"
"SYNGR1","turquoise"
"PDCD1LG2","turquoise"
"CSTF2","turquoise"
"BAG6","turquoise"
"PWP2","turquoise"
"STARD4","turquoise"
"LRP1","turquoise"
"RAP2B","turquoise"
"OTUB1","turquoise"
"TMEM139","turquoise"
"TMEM115","turquoise"
"C9orf114","turquoise"
"PTCD2","turquoise"
"IDH3A","turquoise"
"SALL4","turquoise"
"SLIRP","turquoise"
"GINS3","turquoise"
"ERCC1","turquoise"
"OLFM4","turquoise"
"CDKN2AIPNL","turquoise"
"TOP3A","turquoise"
"RRP12","turquoise"
"LOC100128816","turquoise"
"SLC25A1","turquoise"
"UCK1","turquoise"
"RPS19BP1","turquoise"
"ATG10","turquoise"
"GSN","turquoise"
"STK40","turquoise"
"AURKB","turquoise"
"ACE2","turquoise"
"TNFAIP6","blue"
"SLC35F1","turquoise"
"NKIRAS2","turquoise"
"DHODH","turquoise"
"NDUFS7","turquoise"
"OAS2","grey"
"RNF185","turquoise"
"EFNB2","grey"
"SDPR","turquoise"
"NR6A1","turquoise"
"ZIC3","turquoise"
"GLYR1","turquoise"
"L1CAM","turquoise"
"MYOF","grey"
"GUCY1B3","grey"
"STARD13","turquoise"
"TTYH3","turquoise"
"SNORA23","turquoise"
"LIMCH1","brown"
"PTPRR","grey"
"STAT6","turquoise"
"XAF1","grey"
"MT1G","turquoise"
"ACSF2","turquoise"
"FAM111A","turquoise"
"LAMB1","turquoise"
"PRSS3P2","turquoise"
"LMNA","turquoise"
"BOP1","turquoise"
"TXN2","turquoise"
"PLCB1","grey"
"MYO10","grey"
"PTN","grey"
"NCAPD2","turquoise"
"SLC16A3","turquoise"
"PPOX","turquoise"
"LOC344887","turquoise"
"GNPDA1","turquoise"
"GUSBP3","turquoise"
"USP19","turquoise"
"OAS1","grey"
"MFI2","turquoise"
"PTDSS2","turquoise"
"FRK","brown"
"APH1A","turquoise"
"GPR160","turquoise"
"BSDC1","turquoise"
"CDH12","grey"
"CCL20","grey"
"RHOB","turquoise"
"IFRD2","turquoise"
"DFFA","turquoise"
"DPY19L1","turquoise"
"AHNAK2","turquoise"
"SPRY2","turquoise"
"PKIA","turquoise"
"DMAP1","turquoise"
"MLKL","turquoise"
"KHDRBS3","grey"
"CD9","turquoise"
"MUC13","grey"
"SNORD43","turquoise"
"NAPA","turquoise"
"SMOX","turquoise"
"ZDHHC15","grey"
"TCEB2","turquoise"
"CDCA3","turquoise"
"WDR54","turquoise"
"NFIX","turquoise"
"YIF1A","turquoise"
"PLEKHJ1","turquoise"
"MAD2L2","turquoise"
"TRIM38","turquoise"
"SPATS2L","grey"
"SNORD94","turquoise"
"KIF5C","turquoise"
"SYK","grey"
"CDC42EP3","grey"
"BMP5","grey"
"AP1G2","turquoise"
"PLEKHM1","turquoise"
"ABT1","turquoise"
"RBM24","turquoise"
"CMIP","turquoise"
"SLC35A1","turquoise"
"SPG20","grey"
"PRODH","turquoise"
"RBP7","brown"
"PAX8","blue"
"MECOM","grey"
"SNORA16A","turquoise"
"AK1","turquoise"
"AP1S2","turquoise"
"POU5F1","turquoise"
"CIB1","turquoise"
"ACP2","turquoise"
"TMEM231","turquoise"
"SNRK","turquoise"
"RNF5","turquoise"
"PDZK1","grey"
"NUMA1","turquoise"
"THRB","brown"
"FRAS1","turquoise"
"DCN","grey"
"TADA3","turquoise"
"IDO1","grey"
"ATP6V0B","turquoise"
"MCAT","turquoise"
"PADI3","turquoise"
"ERP27","grey"
"ENPP5","brown"
"MCM3","turquoise"
"TMOD1","blue"
"ATPAF2","turquoise"
"UPF1","turquoise"
"PCDHB3","turquoise"
"FAM32A","turquoise"
"PPIF","turquoise"
"GALNT10","turquoise"
"HYOU1","turquoise"
"TOP1MT","turquoise"
"PYCR2","turquoise"
"AEN","turquoise"
"JUP","turquoise"
"TMEM40","turquoise"
"FGFR4","turquoise"
"GABRG2","turquoise"
"ALCAM","grey"
"WDR13","turquoise"
"NOX4","turquoise"
"SLC38A10","turquoise"
"JAGN1","turquoise"
"CTSZ","turquoise"
"CHRNA9","turquoise"
"NCR3LG1","turquoise"
"MFAP2","turquoise"
"FAM171B","grey"
"HIST1H4A","turquoise"
"SNORD68","turquoise"
"GTF2E1","turquoise"
"SARS","turquoise"
"SCARNA10","turquoise"
"KLHDC4","turquoise"
"RAB5C","turquoise"
"HEG1","turquoise"
"RAB38","grey"
"PLAUR","turquoise"
"TJP2","turquoise"
"GNE","grey"
"KLF6","turquoise"
"PRKCDBP","turquoise"
"PSMC4","turquoise"
"SLC8A1","grey"
"GBP2","blue"
"SLC9A3R1","turquoise"
"TNIK","grey"
"MIR199A2","turquoise"
"AAR2","turquoise"
"UCHL3","turquoise"
"SPCS3","turquoise"
"RNU5A-1","turquoise"
"SLC39A13","turquoise"
"ARMC9","turquoise"
"MEIOB","grey"
"B3GALNT1","grey"
"NOP9","turquoise"
"ZNF462","turquoise"
"SATB1","grey"
"RCC1","turquoise"
"NAT10","turquoise"
"RNU6-1319P","turquoise"
"MITF","grey"
"VPS72","turquoise"
"G6PC3","turquoise"
"RSPO3","grey"
"GCNT1","grey"
"SGPP2","blue"
"PTBP1","turquoise"
"ANKRD22","turquoise"
"SH3TC2","turquoise"
"NCS1","turquoise"
"PPIE","turquoise"
"SLC47A1","turquoise"
"MGLL","turquoise"
"FBXL12","turquoise"
"TET1","grey"
"TRIP6","turquoise"
"KIF22","turquoise"
"NDRG1","turquoise"
"FECH","turquoise"
"GPR56","grey"
"CA14","turquoise"
"NDE1","turquoise"
"TP53INP1","grey"
"STAC","turquoise"
"TIAM1","turquoise"
"ACTA2","turquoise"
"RPL10","turquoise"
"GRAMD3","brown"
"MEIS2","turquoise"
"PPP5C","turquoise"
"C3orf14","turquoise"
"KRT6A","turquoise"
"VEGFB","turquoise"
"CORO2A","turquoise"
"PTPRS","turquoise"
"PGK1","turquoise"
"HBEGF","turquoise"
"ATP6AP1","turquoise"
"GLE1","turquoise"
"ATF4","turquoise"
"WNT5A","turquoise"
"PMEL","turquoise"
"ITPRIPL2","turquoise"
"RPUSD4","turquoise"
"FAM195B","turquoise"
"MFSD6","grey"
"SMIM7","turquoise"
"FANCE","turquoise"
"LINC00917","turquoise"
"NCAPH2","turquoise"
"ERCC2","turquoise"
"MED22","turquoise"
"MED18","turquoise"
"GLRX","turquoise"
"C17orf104","blue"
"MYO1D","grey"
"ITGBL1","turquoise"
"LRIG1","turquoise"
"TRIM16L","turquoise"
"RGMB","turquoise"
"COPS7A","turquoise"
"ZDHHC5","turquoise"
"MFN2","turquoise"
"RAB31","turquoise"
"C10orf2","turquoise"
"SCLY","turquoise"
"SRXN1","turquoise"
"ERBB2","turquoise"
"CDK5","turquoise"
"TXNRD1","turquoise"
"RN7SL648P","turquoise"
"SCYL1","turquoise"
"KCNN4","turquoise"
"NME5","blue"
"ATP13A1","turquoise"
"BTF3P10","turquoise"
"NUBP2","turquoise"
"KRT18P65","turquoise"
"NAGPA","turquoise"
"CHTF8","turquoise"
"FSTL1","turquoise"
"SP100","grey"
"C17orf49","turquoise"
"CYP2R1","turquoise"
"SLC30A5","turquoise"
"LMF2","turquoise"
"KRT80","turquoise"
"RQCD1","turquoise"
"ACD","turquoise"
"ROR1","turquoise"
"RARG","turquoise"
"ELL2","turquoise"
"OTUD7B","turquoise"
"TMED9","turquoise"
"CCT7","turquoise"
"FHL1","turquoise"
"CD40","turquoise"
"HSD17B10","turquoise"
"PAK4","turquoise"
"SLC20A1","turquoise"
"CCDC101","turquoise"
"ALG3","turquoise"
"LPIN1","turquoise"
"MLLT3","blue"
"CTH","grey"
"DHFR","turquoise"
"POLR2C","turquoise"
"RASSF2","turquoise"
"GALM","turquoise"
"ITPKB","turquoise"
"AP1M2","turquoise"
"GALNT12","turquoise"
"ADAP1","turquoise"
"YDJC","turquoise"
"MANBAL","turquoise"
"KDM5C","turquoise"
"FAM167A","turquoise"
"RNA5SP385","turquoise"
"PPIH","turquoise"
"CSNK1G2","turquoise"
"SMPD2","turquoise"
"DLX1","turquoise"
"ZFP64","turquoise"
"ELOVL2","turquoise"
"RABAC1","turquoise"
"PSRC1","turquoise"
"PDGFRL","turquoise"
"IFI6","turquoise"
"TMED8","turquoise"
"SNRPN","grey"
"SLC40A1","grey"
"H2AFY2","turquoise"
"STK33","turquoise"
"DCAF11","turquoise"
"ZNF702P","grey"
"EPHA5","turquoise"
"SLAIN1","blue"
"AQP3","turquoise"
"ARRDC1","turquoise"
"IFITM2","turquoise"
"FOXO4","turquoise"
"MT-TG","blue"
"SUN2","turquoise"
"SRM","turquoise"
"TOM1L2","turquoise"
"EMC6","turquoise"
"MRPL45","turquoise"
"HIST1H3G","turquoise"
"RN7SL480P","turquoise"
"LEMD1","blue"
"HOXC9","turquoise"
"SLC12A4","turquoise"
"POMGNT1","turquoise"
"NDUFS3","turquoise"
"ATAD3A","turquoise"
"TMEM161A","turquoise"
"DPYSL2","turquoise"
"TSPAN31","turquoise"
"RNASEH2A","turquoise"
"PRNP","turquoise"
"PVR","turquoise"
"PIM1","turquoise"
"PLAGL1","turquoise"
"DDX60L","grey"
"ACSS2","turquoise"
"FSD1","turquoise"
"STK25","turquoise"
"TRAF4","turquoise"
"DENND3","turquoise"
"NADK","turquoise"
"PPARGC1A","grey"
"ADAMTSL1","turquoise"
"MBNL3","turquoise"
"IDH3B","turquoise"
"SNORD50A","turquoise"
"ARF1","turquoise"
"ST3GAL2","turquoise"
"CDKN2A","turquoise"
"MPV17L2","turquoise"
"TSKU","turquoise"
"STRIP1","turquoise"
"FBXO32","grey"
"TMEM242","turquoise"
"CHMP6","turquoise"
"TMSB4X","turquoise"
"HMGB1P4","turquoise"
"CLEC2B","turquoise"
"AGMO","grey"
"SPHK1","turquoise"
"CCDC142","turquoise"
"ZWINT","turquoise"
"SKIV2L","turquoise"
"PLOD1","turquoise"
"HS6ST1","turquoise"
"CDO1","turquoise"
"DRAP1","turquoise"
"NELFB","turquoise"
"PAPSS2","grey"
"DNAL4","turquoise"
"EMP2","turquoise"
"RBM3","turquoise"
"RN7SL147P","turquoise"
"KRT18P55","turquoise"
"SNX11","turquoise"
"DBN1","turquoise"
"DHX37","turquoise"
"ARSI","turquoise"
"TFCP2","grey"
"ATL3","turquoise"
"EDA2R","turquoise"
"LAMTOR1","turquoise"
"NUP210","turquoise"
"ECHS1","turquoise"
"ROBO1","grey"
"CCM2","turquoise"
"KIAA0141","turquoise"
"LIG1","turquoise"
"HMBS","turquoise"
"FN3KRP","turquoise"
"ELF3","turquoise"
"RPL29","turquoise"
"C1S","grey"
"RN7SL698P","turquoise"
"ID4","turquoise"
"MAN2C1","turquoise"
"ASS1","grey"
"SNORD116-4","turquoise"
"PPIB","turquoise"
"SYNJ2","turquoise"
"KLF5","turquoise"
"ZMAT3","turquoise"
"SF3A2","turquoise"
"PGAM5","turquoise"
"SBF1","turquoise"
"ZNF814","turquoise"
"RETSAT","turquoise"
"CECR2","turquoise"
"IPO4","turquoise"
"MARCKS","turquoise"
"ATRNL1","blue"
"ACAD9","turquoise"
"PAGR1","turquoise"
"IL4R","turquoise"
"CINP","turquoise"
"SLC36A4","grey"
"FAM101B","turquoise"
"FLYWCH2","turquoise"
"NDUFS5","turquoise"
"SNORD22","turquoise"
"DERL2","turquoise"
"SRA1","turquoise"
"CBR1","turquoise"
"DUS3L","turquoise"
"CNPY3","turquoise"
"FLOT2","turquoise"
"RRP1B","turquoise"
"BLID","turquoise"
"RNU6-341P","turquoise"
"IL1R2","grey"
"TBC1D10B","turquoise"
"ME1","grey"
"EFHD2","turquoise"
"KLHL18","turquoise"
"LBH","turquoise"
"NLRP3","turquoise"
"FOLR1","grey"
"TRPM4","turquoise"
"ZFP82","turquoise"
"POLR1B","turquoise"
"PTPRF","turquoise"
"KIAA0040","turquoise"
"AKR1A1","turquoise"
"MGST2","grey"
"SIRT7","turquoise"
"ZNF692","turquoise"
"RCCD1","turquoise"
"REXO4","turquoise"
"TRPC4","turquoise"
"PROS1","turquoise"
"ZNF808","turquoise"
"NUDCD1","turquoise"
"SEMA4C","turquoise"
"KLHL14","grey"
"DDX23","turquoise"
"CSTF2T","turquoise"
"NEIL2","turquoise"
"ULBP1","turquoise"
"NEFL","turquoise"
"MAP2K3","turquoise"
"TRIM68","turquoise"
"PLCG1","turquoise"
"HGH1","turquoise"
"AKT1S1","turquoise"
"PITPNM1","turquoise"
"TNFRSF12A","turquoise"
"LSR","turquoise"
"RGS2","turquoise"
"CCDC71","turquoise"
"SLC2A12","brown"
"SLC10A2","blue"
"SCML2","turquoise"
"SLC9A2","brown"
"SGCE","grey"
"ALYREF","turquoise"
"CPT1C","turquoise"
"USP22","turquoise"
"EPN1","turquoise"
"HNMT","grey"
"DDX51","turquoise"
"TRIB2","turquoise"
"ARSE","grey"
"MYL9","turquoise"
"KCNMB4","turquoise"
"TMEM45A","turquoise"
"NCEH1","grey"
"TBCD","turquoise"
"AFAP1","turquoise"
"PKI55","turquoise"
"HCP5","turquoise"
"RAB35","turquoise"
"COPS8","turquoise"
"MYEF2","grey"
"CYR61","grey"
"NME1","turquoise"
"SGCZ","turquoise"
"HAUS4","turquoise"
"GPX7","blue"
"MIA-RAB4B","turquoise"
"PIGM","turquoise"
"FAM86A","turquoise"
"FZD6","grey"
"MT-TY","blue"
"KATNB1","turquoise"
"SMO","turquoise"
"MPP1","turquoise"
"CTSV","turquoise"
"AHCY","turquoise"
"HOMER3","turquoise"
"LHFPL2","turquoise"
"AKAP12","grey"
"HIST1H2AK","turquoise"
"CENPM","turquoise"
"GSTZ1","turquoise"
"CARS2","turquoise"
"FOSL2","turquoise"
"KIAA0195","turquoise"
"TUBA1A","turquoise"
"APEH","turquoise"
"BLVRB","turquoise"
"NCALD","blue"
"SNORD1A","turquoise"
"TSTD2","turquoise"
"LHFP","turquoise"
"FZD3","grey"
"PPP6R1","turquoise"
"COQ9","turquoise"
"GRAMD1A","turquoise"
"CA11","turquoise"
"COA7","turquoise"
"ADCK4","turquoise"
"PACSIN3","turquoise"
"PGM1","turquoise"
"NANS","turquoise"
"B4GALT3","turquoise"
"SCAMP3","turquoise"
"AHNAK","turquoise"
"IMP4","turquoise"
"NONO","turquoise"
"SLC46A3","grey"
"XRCC6","turquoise"
"FAM46A","turquoise"
"CHFR","turquoise"
"ST6GALNAC6","turquoise"
"TBRG4","turquoise"
"ZNRF2P1","turquoise"
"SESN2","turquoise"
"SCARB1","turquoise"
"NCLN","turquoise"
"UQCC1","turquoise"
"KCNH7","grey"
"MRPL38","turquoise"
"PAPPA2","turquoise"
"RTKN2","grey"
"GALNT14","turquoise"
"NEK9","turquoise"
"ACADVL","turquoise"
"SOSTDC1","grey"
"VPS51","turquoise"
"PTGS1","brown"
"C11orf49","turquoise"
"ETS2","turquoise"
"SPR","turquoise"
"MARC1","grey"
"BCL7C","turquoise"
"NEK6","turquoise"
"EPHA4","turquoise"
"CCDC103","turquoise"
"NTN4","brown"
"LIMS1","turquoise"
"EPDR1","turquoise"
"AKR7A2","turquoise"
"ESRRA","turquoise"
"RPL8","turquoise"
"ADAMTS1","grey"
"S100A11","grey"
"METTL2A","turquoise"
"NR2F1","turquoise"
"NRM","turquoise"
"NOTCH1","turquoise"
"TSPAN12","blue"
"TIPARP","turquoise"
"ACSF3","turquoise"
"CPEB2","grey"
"MPP7","turquoise"
"ZNF212","turquoise"
"TMEM80","turquoise"
"CRKL","turquoise"
"GTF2H3","turquoise"
"HINT2","turquoise"
"TSR3","turquoise"
"GPR108","turquoise"
"ARHGDIA","turquoise"
"PTPN13","grey"
"SOX4","turquoise"
"PCDH7","turquoise"
"MRPS21","turquoise"
"B3GALT1","grey"
"PRPF4","turquoise"
"MRPL37","turquoise"
"L3MBTL2","turquoise"
"LRP10","turquoise"
"CDCA5","turquoise"
"RBM10","turquoise"
"DUSP19","turquoise"
"RBM19","turquoise"
"PPP1R14B","turquoise"
"NFKBIB","turquoise"
"INCENP","turquoise"
"BCL2L13","turquoise"
"AP1S3","turquoise"
"C1orf85","turquoise"
"DDRGK1","turquoise"
"OSMR","grey"
"ADAMTS5","grey"
"ST6GALNAC4","turquoise"
"RBM15B","turquoise"
"HK2","turquoise"
"AP3M2","turquoise"
"FLT1","grey"
"ZNF521","turquoise"
"MIR492","turquoise"
"ASB1","turquoise"
"ABHD2","turquoise"
"PRRG4","grey"
"RPRD1B","turquoise"
"MKRN2","turquoise"
"ZBTB7C","turquoise"
"MKS1","turquoise"
"SLFN12","grey"
"SULT4A1","turquoise"
"STK10","turquoise"
"PDLIM5","turquoise"
"TBC1D10A","turquoise"
"DOK4","turquoise"
"RN7SKP80","turquoise"
"ARAF","turquoise"
"KLF16","turquoise"
"PIN1","turquoise"
"PI4K2A","turquoise"
"CYP2B6","turquoise"
"RBM47","turquoise"
"MARCH2","turquoise"
"APMAP","turquoise"
"RPL35P1","turquoise"
"OVCA2","turquoise"
"HK1","turquoise"
"RNU6-780P","blue"
"NEXN","grey"
"CLPP","turquoise"
"SNHG17","turquoise"
"RPL18","turquoise"
"FAM98C","turquoise"
"MAPRE1","turquoise"
"OLFML3","turquoise"
"SULF2","grey"
"AGPAT6","turquoise"
"KRT17P2","turquoise"
"RCE1","turquoise"
"CD99L2","turquoise"
"SVIL","turquoise"
"LTBP4","turquoise"
"KPNA6","turquoise"
"SPRY4","turquoise"
"PSMC3IP","turquoise"
"OGFRL1","turquoise"
"CHAC1","turquoise"
"LOC100653296","turquoise"
"NRSN2","turquoise"
"SMARCD2","turquoise"
"MVK","turquoise"
"CAB39L","turquoise"
"ECSIT","turquoise"
"TRIM29","turquoise"
"TFE3","turquoise"
"NCAM1","grey"
"FOCAD","turquoise"
"SPTLC3","blue"
"CHCHD6","turquoise"
"ENPP1","grey"
"TMEM159","turquoise"
"ALX1","turquoise"
"PLK3","turquoise"
"TCEB3","turquoise"
"ACVR2B","turquoise"
"CNPPD1","turquoise"
"KHSRP","turquoise"
"FRMD4B","grey"
"MUC1","grey"
"IPPK","turquoise"
"FZD7","turquoise"
"RBM14","turquoise"
"HOXA9","grey"
"ALPK2","turquoise"
"COASY","turquoise"
"RAB34","turquoise"
"NOG","turquoise"
"UST","turquoise"
"NSL1","turquoise"
"CDC37","turquoise"
"DGCR2","turquoise"
"SNORD116-6","blue"
"PARP9","grey"
"TPM2","grey"
"ASB13","turquoise"
"BVES","grey"
"CCDC134","turquoise"
"PTGR1","turquoise"
"ATP2B4","turquoise"
"SFXN3","turquoise"
"MRPS16","turquoise"
"SEMA3C","grey"
"MRPS27","turquoise"
"ANKFY1","turquoise"
"CLYBL","turquoise"
"FAM26E","turquoise"
"ZBTB9","turquoise"
"IGF2BP3","turquoise"
"TTC5","turquoise"
"RFFL","turquoise"
"GPRASP2","turquoise"
"SLFN13","brown"
"GPR161","turquoise"
"BPGM","turquoise"
"SORL1","grey"
"SKA1","turquoise"
"CYTIP","turquoise"
"FBXL18","turquoise"
"SNRNP40","turquoise"
"BCAR1","turquoise"
"ARL4D","turquoise"
"CLUH","turquoise"
"TRMT2B","turquoise"
"AIFM2","turquoise"
"MLLT11","grey"
"ZNF76","turquoise"
"SLX1A","turquoise"
"TRIM41","turquoise"
"LDLRAD3","turquoise"
"NQO1","turquoise"
"LCMT2","grey"
"PNPLA6","turquoise"
"PCDH10","turquoise"
"SLC7A7","grey"
"MTMR7","blue"
"NAALADL2","grey"
"CARD11","turquoise"
"AFAP1L1","turquoise"
"RNU5E-9P","turquoise"
"TNFRSF21","turquoise"
"LTBP3","turquoise"
"CASC10","turquoise"
"HPS4","turquoise"
"CYB5R2","grey"
"RHOF","turquoise"
"IP6K1","turquoise"
"GDPD5","turquoise"
"TMED3","turquoise"
"TMEM41A","turquoise"
"SMARCA1","grey"
"ANAPC5","turquoise"
"TMEM27","turquoise"
"GRTP1","turquoise"
"RN7SL704P","turquoise"
"BANF1","turquoise"
"RHOC","turquoise"
"NOC4L","turquoise"
"SNORD4A","turquoise"
"PADI1","turquoise"
"CWF19L1","turquoise"
"MYO1C","turquoise"
"ST3GAL3","turquoise"
"DGKD","turquoise"
"SLC1A4","turquoise"
"RNU11","turquoise"
"CHST3","turquoise"
"MPP4","turquoise"
"NHP2","turquoise"
"NUPR1","grey"
"ZNF704","turquoise"
"KLF12","turquoise"
"DDX39B","turquoise"
"EMC1","turquoise"
"CMTM4","turquoise"
"HIST1H2BC","turquoise"
"ZNF486","brown"
"ABCA12","grey"
"CECR5","turquoise"
"MDGA2","grey"
"CAD","turquoise"
"KCTD15","turquoise"
"CDH4","turquoise"
"PDDC1","turquoise"
"NDUFS2","turquoise"
"NFKBIZ","grey"
"HCAR1","turquoise"
"MAPK12","turquoise"
"PITPNC1","turquoise"
"PHF13","turquoise"
"UBA52","turquoise"
"CRYL1","turquoise"
"NSFL1C","turquoise"
"DHX30","turquoise"
"RRAGD","grey"
"CXCL5","grey"
"NEO1","grey"
"RAD51D","turquoise"
"ZNF649","turquoise"
"PNPLA4","turquoise"
"PTGES","turquoise"
"ANKRD36C","turquoise"
"MARCH4","turquoise"
"ADRBK1","turquoise"
"RGCC","grey"
"C8orf4","blue"
"ARHGAP31","turquoise"
"RN7SKP9","turquoise"
"ZNF737","grey"
"LPAR6","turquoise"
"CDKL2","blue"
"RALGPS2","grey"
"SMARCA2","grey"
"FBLN1","turquoise"
"SMPD4","turquoise"
"NR3C2","turquoise"
"FDFT1","turquoise"
"TBX18","turquoise"
"GPR63","turquoise"
"LARS2","turquoise"
"SREBF2","turquoise"
"ATRIP","turquoise"
"SNORD13","turquoise"
"ST6GAL1","turquoise"
"MPZL3","turquoise"
"PTGES3L-AARSD1","turquoise"
"CRIPAK","turquoise"
"IRAK1","turquoise"
"EEF1A1P13","turquoise"
"KCTD10","turquoise"
"MT1L","turquoise"
"ARRDC2","turquoise"
"LPHN2","grey"
"LOC101927806","turquoise"
"RN7SL564P","turquoise"
"PPP1R3C","turquoise"
"NDUFA7","turquoise"
"NEU1","turquoise"
"GIT1","turquoise"
"DSC2","grey"
"SNORD38A","turquoise"
"SIAE","turquoise"
"BCL2L15","grey"
"JPH1","turquoise"
"DCUN1D3","turquoise"
"CLTB","turquoise"
"ECI2","grey"
"GAL","turquoise"
"STIP1","turquoise"
"MIRLET7F1","turquoise"
"MUC20","grey"
"POLE","turquoise"
"FDXACB1","turquoise"
"LY75-CD302","brown"
"MECR","turquoise"
"HERC5","grey"
"SSBP4","turquoise"
"NDUFB7","turquoise"
"COMMD10","turquoise"
"SLC39A11","turquoise"
"SNORA62","turquoise"
"MRPL53","turquoise"
"C7orf50","turquoise"
"KXD1","turquoise"
"RPL13AP5","turquoise"
"MICA","turquoise"
"GUSBP11","turquoise"
"COL4A2","turquoise"
"PTGFRN","turquoise"
"CYP4F3","turquoise"
"TMEM127","turquoise"
"SH3GLB2","turquoise"
"ARMC4","turquoise"
"UNC13D","turquoise"
"CYFIP1","turquoise"
"SNORD34","turquoise"
"NEDD9","turquoise"
"LSAMP","grey"
"RMND5B","turquoise"
"TMEM117","grey"
"HIRA","turquoise"
"SNORD116-22","grey"
"RNU6-96P","turquoise"
"PSMC3","turquoise"
"LIG3","turquoise"
"FAM107B","turquoise"
"STEAP2","turquoise"
"HDAC6","turquoise"
"WBSCR22","turquoise"
"EIF4EBP1","turquoise"
"IFT46","turquoise"
"SEMA7A","turquoise"
"NRG4","grey"
"HMGN5","grey"
"ZFPL1","turquoise"
"BCAM","turquoise"
"PRKCA","turquoise"
"ADD1","turquoise"
"WDR1","turquoise"
"PIGL","turquoise"
"PLEKHF1","turquoise"
"ABCA5","turquoise"
"CACHD1","turquoise"
"TAPBP","turquoise"
"CEP41","turquoise"
"XPNPEP1","turquoise"
"NARS2","turquoise"
"RN7SL448P","turquoise"
"NDUFA11","turquoise"
"SLC44A2","turquoise"
"ZC4H2","grey"
"CCBL1","turquoise"
"CIAO1","turquoise"
"ADH5P4","turquoise"
"PCYT1B","turquoise"
"ARPIN","turquoise"
"FANCF","turquoise"
"EDC4","turquoise"
"GDF15","turquoise"
"ADAL","grey"
"TTL","turquoise"
"CLDN10","blue"
"RNF138","turquoise"
"INPP5K","turquoise"
"ARRDC3","grey"
"RPL35P5","turquoise"
"KCNK1","grey"
"RRN3P1","turquoise"
"FAM169A","turquoise"
"KDELC2","turquoise"
"AVPI1","turquoise"
"TTI2","turquoise"
"RN7SL300P","turquoise"
"IFIT3","grey"
"RNU1-67P","turquoise"
"EHMT2","turquoise"
"HS6ST2","turquoise"
"CTC1","turquoise"
"COMMD4","turquoise"
"XYLT2","turquoise"
"RN7SL655P","turquoise"
"IGFBP3","grey"
"EIF4G1","turquoise"
"GPR176","turquoise"
"SRRD","turquoise"
"MRPL11","turquoise"
"LOC613266","blue"
"NR3C1","turquoise"
"ASRGL1","turquoise"
"ST6GALNAC2","grey"
"MVD","turquoise"
"IL31RA","grey"
"PAICS","turquoise"
"LAMA5","turquoise"
"MED10","turquoise"
"TRIM4","turquoise"
"C11orf68","turquoise"
"FXR2","turquoise"
"HLA-G","turquoise"
"RPL13AP25","turquoise"
"MSL3P1","turquoise"
"FOXK1","turquoise"
"BHLHA9","turquoise"
"MAN1A1","grey"
"SLC35A5","turquoise"
"RRM2B","turquoise"
"MSANTD2","turquoise"
"MAML2","grey"
"TGFBR3","turquoise"
"SNORA46","turquoise"
"RNF130","turquoise"
"STRA13","turquoise"
"EEF1G","turquoise"
"MGAT4A","blue"
"PPM1F","turquoise"
"OIP5","turquoise"
"HSD17B8","turquoise"
"BIN1","turquoise"
"SDHAP1","turquoise"
"NUP50","turquoise"
"MID1IP1","turquoise"
"IRAK3","grey"
"MKRN1","turquoise"
"TEAD2","turquoise"
"RPP40","turquoise"
"MYO5C","grey"
"TEN1","turquoise"
"TPI1","turquoise"
"PDE10A","blue"
"RPSAP56","turquoise"
"LRRN4","turquoise"
"DLX2","turquoise"
"ZNF787","turquoise"
"RNF180","grey"
"SLC25A22","turquoise"
"GET4","turquoise"
"MCRS1","turquoise"
"DDIT3","turquoise"
"CCDC86","turquoise"
"MAGED1","grey"
"VLDLR","blue"
"CHDC2","grey"
"CPSF1","turquoise"
"TLDC1","turquoise"
"NUP43","turquoise"
"TYK2","turquoise"
"ZDBF2","grey"
"CDS1","brown"
"NFATC2IP","turquoise"
"PGAP3","turquoise"
"SNORD27","turquoise"
"SLC9A4","brown"
"TCF19","turquoise"
"SEMA3B","turquoise"
"MRC2","turquoise"
"POLDIP3","turquoise"
"FKBP14","turquoise"
"CD200","turquoise"
"ZNF263","turquoise"
"SH3BGRL2","grey"
"KLHL42","turquoise"
"FAM160A2","turquoise"
"MIER2","turquoise"
"BLVRA","turquoise"
"COX15","turquoise"
"AKR1E2","grey"
"PCCB","turquoise"
"ORC1","turquoise"
"EEF2","turquoise"
"SLC16A2","turquoise"
"STUB1","turquoise"
"IKBKB","turquoise"
"LINC01106","turquoise"
"GGA1","turquoise"
"NOSIP","turquoise"
"ACTN4","turquoise"
"PLK1","turquoise"
"KDM4A","turquoise"
"WDR37","turquoise"
"FAM114A2","turquoise"
"STEAP3","turquoise"
"SEMA6B","turquoise"
"RPP25L","turquoise"
"FLNB","turquoise"
"DYNC2H1","turquoise"
"CD276","turquoise"
"SLC7A1","turquoise"
"INPP5A","turquoise"
"L2HGDH","turquoise"
"NAT8L","turquoise"
"JAM2","grey"
"SGSH","turquoise"
"MED11","turquoise"
"ARHGEF1","turquoise"
"ARHGAP24","turquoise"
"HOXA5","turquoise"
"SNORD44","turquoise"
"ATP5H","turquoise"
"POC1B-GALNT4","turquoise"
"TBC1D30","turquoise"
"DUS2","turquoise"
"IGFBP7","grey"
"SERPINB8","turquoise"
"NEDD4","turquoise"
"HDAC3","turquoise"
"SIGIRR","turquoise"
"CLDN4","turquoise"
"ATG14","turquoise"
"PSEN2","turquoise"
"LOC100134868","turquoise"
"BMP6","blue"
"PTCHD4","turquoise"
"ULK3","turquoise"
"TCN2","turquoise"
"FAM173B","turquoise"
"EIF3J-AS1","turquoise"
"CD82","turquoise"
"FOXRED1","turquoise"
"CORO7","turquoise"
"LOXL4","turquoise"
"DNASE2","turquoise"
"NANP","turquoise"
"PPP1R3D","turquoise"
"CDC25B","turquoise"
"QPRT","grey"
"PASK","turquoise"
"RRP1","turquoise"
"PLXNB2","turquoise"
"GCA","grey"
"ABCC1","turquoise"
"RPL13AP20","turquoise"
"ITGA6","turquoise"
"CCDC94","turquoise"
"DDAH2","turquoise"
"ZDHHC24","turquoise"
"LIX1L","turquoise"
"EEFSEC","turquoise"
"ZNF440","turquoise"
"BACE2","turquoise"
"GTF3C2","turquoise"
"EFCAB4B","turquoise"
"UQCRH","turquoise"
"TECR","turquoise"
"TTC28","turquoise"
"FKBP9","turquoise"
"UTS2B","turquoise"
"NPHP3-ACAD11","turquoise"
"FAM105A","turquoise"
"LUZP1","turquoise"
"GPX1","turquoise"
"MEN1","turquoise"
"SYCP2","brown"
"DHX33","turquoise"
"DDX11","turquoise"
"RNY4P19","turquoise"
"NLE1","turquoise"
"NUP188","turquoise"
"UGCG","turquoise"
"STON2","turquoise"
"HNRNPH2","turquoise"
"SEL1L3","brown"
"NSMF","turquoise"
"EMC10","turquoise"
"FAM83G","turquoise"
"POLR3H","turquoise"
"TRABD","turquoise"
"PAPPA","turquoise"
"SLCO1B7","turquoise"
"SUN1","turquoise"
"MSRB2","turquoise"
"ITFG2","turquoise"
"TSPY26P","turquoise"
"SEC16A","turquoise"
"OAS3","turquoise"
"DBP","turquoise"
"TGOLN2","turquoise"
"LDLR","turquoise"
"VKORC1","turquoise"
"PDZK1IP1","turquoise"
"STK24","turquoise"
"GNB4","turquoise"
"JOSD1","turquoise"
"GSTM4","grey"
"CPPED1","grey"
"RNA5SP33","turquoise"
"ACSL1","grey"
"MICB","turquoise"
"RFX5","turquoise"
"ALDH1A3","turquoise"
"HN1L","turquoise"
"DNPEP","turquoise"
"PRSS12","grey"
"TPCN2","turquoise"
"ASS1P11","turquoise"
"DIO2","grey"
"MXRA8","turquoise"
"SLC12A8","turquoise"
"CRAT","turquoise"
"CCS","turquoise"
"PCSK7","turquoise"
"SLC8B1","turquoise"
"FBXW5","turquoise"
"P2RX5","turquoise"
"CYYR1","turquoise"
"LMO4","turquoise"
"PTPRB","grey"
"UTRN","grey"
"TRERF1","turquoise"
"EGFR","turquoise"
"FUZ","turquoise"
"ZIK1","turquoise"
"HN1","turquoise"
"PLXDC2","grey"
"HDGF","turquoise"
"TTC31","turquoise"
"CPSF3L","turquoise"
"PRKAR2A","turquoise"
"ERBB3","grey"
"AARS2","turquoise"
"TEAD4","turquoise"
"URB2","turquoise"
"C21orf33","turquoise"
"NBPF3","turquoise"
"CYP2C18","grey"
"ABCC5","turquoise"
"KIAA0930","turquoise"
"BRI3BP","turquoise"
"PMCH","blue"
"PISD","turquoise"
"EPM2AIP1","grey"
"SNORA67","turquoise"
"GDAP1","turquoise"
"FAR2","grey"
"THBS3","turquoise"
"PHLDA3","turquoise"
"ALKBH3","turquoise"
"STRIP2","turquoise"
"SMG5","turquoise"
"PQBP1","turquoise"
"FGF18","grey"
"ATP6V0D1","turquoise"
"ZFYVE1","turquoise"
"MAGOH","turquoise"
"METTL23","turquoise"
"CTDSP2","turquoise"
"CAT","grey"
"AP5S1","turquoise"
"RASSF6","grey"
"SLCO3A1","grey"
"SUV39H1","turquoise"
"COPE","turquoise"
"TRAPPC5","turquoise"
"E2F7","turquoise"
"ADAM12","turquoise"
"ZNF724P","blue"
"RABL6","turquoise"
"N6AMT2","turquoise"
"SPATA6","grey"
"NFE2L3","turquoise"
"UBE2Z","turquoise"
"COQ4","turquoise"
"CA5BP1","turquoise"
"ELOVL1","turquoise"
"GNA15","turquoise"
"VPS25","turquoise"
"GPR98","turquoise"
"PET112","turquoise"
"C21orf119","turquoise"
"POLR1A","turquoise"
"TMEM173","turquoise"
"TMUB2","turquoise"
"SCHIP1","turquoise"
"CNTROB","turquoise"
"TENC1","turquoise"
"ABL2","turquoise"
"CYBA","turquoise"
"COLGALT2","turquoise"
"RNU6-447P","turquoise"
"DMC1","turquoise"
"ZIC1","turquoise"
"ATG13","turquoise"
"HOXB3","turquoise"
"DNASE1L1","turquoise"
"GADD45B","turquoise"
"RAPGEFL1","turquoise"
"FIGN","grey"
"SLC25A13","turquoise"
"DSTNP2","turquoise"
"RN7SL617P","turquoise"
"GATM","turquoise"
"BZW2","turquoise"
"POLR3G","turquoise"
"CASKIN2","turquoise"
"BNC2","grey"
"ZNF382","grey"
"MST1R","turquoise"
"STX2","turquoise"
"PCSK5","grey"
"PSMB1","turquoise"
"GSAP","turquoise"
"SAE1","turquoise"
"CCDC169","turquoise"
"SNORD12C","turquoise"
"MYO1E","turquoise"
"FBXO42","turquoise"
"FLJ36840","turquoise"
"COLEC10","grey"
"SERINC5","turquoise"
"TAP1","turquoise"
"RHOT2","turquoise"
"SGTA","turquoise"
"FTSJ2","turquoise"
"PAM","turquoise"
"CDK10","turquoise"
"RNPEP","turquoise"
"PNPLA3","turquoise"
"ANKEF1","brown"
"PPP2R2C","turquoise"
"SATB2","grey"
"S100A6","turquoise"
"RHOBTB1","turquoise"
"PC","turquoise"
"TBC1D8B","grey"
"LAMB2","turquoise"
"BCL11A","turquoise"
"ZNF483","grey"
"SMN1","turquoise"
"NDUFS8","turquoise"
"SDHAF2","turquoise"
"PSAP","turquoise"
"FAM58A","turquoise"
"SIPA1L2","grey"
"CHST10","turquoise"
"NADSYN1","turquoise"
"CNTNAP1","turquoise"
"OSGEP","turquoise"
"PSG5","turquoise"
"DHCR24","turquoise"
"STEAP1","grey"
"SNORA4","turquoise"
"TIMELESS","turquoise"
"PMM2","turquoise"
"SLC12A7","turquoise"
"SORD","turquoise"
"TAGLN2","turquoise"
"MMS19","turquoise"
"MARS","turquoise"
"MAP3K5","grey"
"NFE2L1","turquoise"
"SNORD31","turquoise"
"FANCA","turquoise"
"NGFRAP1","turquoise"
"C17orf96","turquoise"
"KBTBD6","turquoise"
"AMER1","turquoise"
"GXYLT2","grey"
"LYPLA2","turquoise"
"MTA2","turquoise"
"TOM1","turquoise"
"SPINT1","brown"
"CUTA","turquoise"
"PPIA","turquoise"
"CHMP1B","turquoise"
"MEF2B","turquoise"
"FAU","turquoise"
"CENPH","turquoise"
"SLCO4A1","turquoise"
"DDR1","turquoise"
"RNA5SP191","turquoise"
"GAA","turquoise"
"RBM42","turquoise"
"RN7SKP231","turquoise"
"EIF3B","turquoise"
"SULT1C2","blue"
"TMEM37","turquoise"
"CLEC1A","turquoise"
"PLCD1","turquoise"
"UBE2G2","turquoise"
"SNORA2B","turquoise"
"BCR","turquoise"
"ACTBL2","grey"
"RNA5SP19","turquoise"
"PARD6G","turquoise"
"KIF1C","turquoise"
"S100A4","grey"
"CNRIP1","turquoise"
"TMEM186","turquoise"
"TSSC1","turquoise"
"THOP1","turquoise"
"MYO1B","grey"
"IL20RA","turquoise"
"NEBL","turquoise"
"SLC25A20","turquoise"
"PDE2A","turquoise"
"ARNTL2","grey"
"ZNF282","turquoise"
"COPZ2","turquoise"
"SLC43A1","turquoise"
"TMED4","turquoise"
"TNIP3","grey"
"LLGL2","turquoise"
"LPAR4","turquoise"
"STK35","turquoise"
"ATP5EP2","turquoise"
"RNU6-110P","turquoise"
"CIAPIN1","turquoise"
"LAMTOR4","turquoise"
"DMKN","turquoise"
"AGPAT5","turquoise"
"SEMA3F","turquoise"
"FGF1","turquoise"
"IL1RN","turquoise"
"LRRK2","grey"
"RALBP1","turquoise"
"NAV2","turquoise"
"SNX8","turquoise"
"CDA","grey"
"RPS6KA4","turquoise"
"NTHL1","turquoise"
"MAP7","brown"
"ALKBH7","turquoise"
"PI4KB","turquoise"
"SUB1","turquoise"
"DDOST","turquoise"
"TMEM8A","turquoise"
"CHURC1-FNTB","turquoise"
"RN7SL653P","turquoise"
"ATP13A2","turquoise"
"CELSR1","turquoise"
"ZFP36L2","turquoise"
"SHPK","turquoise"
"B4GALT6","turquoise"
"ABCC3","grey"
"DAP","turquoise"
"MOB3A","turquoise"
"CHPF","turquoise"
"SLC44A5","turquoise"
"P2RY1","turquoise"
"MED29","turquoise"
"PCDHB9","turquoise"
"LHX1","turquoise"
"C14orf159","turquoise"
"ALS2CL","turquoise"
"PKMYT1","turquoise"
"SLC37A1","turquoise"
"ING5","turquoise"
"STK11IP","turquoise"
"RNU6-491P","turquoise"
"CDCA2","turquoise"
"DEDD","turquoise"
"SASH1","turquoise"
"LSM10","turquoise"
"RBMX","turquoise"
"RNF17","turquoise"
"COL17A1","turquoise"
"H2AFY","turquoise"
"MDFIC","turquoise"
"AFG3L2","turquoise"
"PCDHB10","turquoise"
"GUSBP2","turquoise"
"NDEL1","turquoise"
"PDGFC","grey"
"STX5","turquoise"
"PCBP4","turquoise"
"ESAM","turquoise"
"DRG2","turquoise"
"LGALS4","turquoise"
"THAP4","turquoise"
"GALNS","turquoise"
"RANGRF","turquoise"
"ARF5","turquoise"
"GEM","grey"
"TNPO3","turquoise"
"IGSF3","turquoise"
"MAFG","turquoise"
"QARS","turquoise"
"RNF213","turquoise"
"AMPD2","turquoise"
"CHMP4C","brown"
"CMTM7","turquoise"
"ST3GAL5","turquoise"
"SNORA24","turquoise"
"RRP36","turquoise"
"WRAP53","turquoise"
"SH3RF2","turquoise"
"ST6GALNAC3","turquoise"
"GPCPD1","turquoise"
"CUEDC2","turquoise"
"CAMKK1","turquoise"
"DOK5","grey"
"CTNS","turquoise"
"F2R","turquoise"
"WIPI2","turquoise"
"RPS2","turquoise"
"SHISA9","turquoise"
"SIN3B","turquoise"
"CDKN1A","turquoise"
"CCDC9","turquoise"
"ZNF655","turquoise"
"FGFR1","grey"
"JMJD8","turquoise"
"CHRNB1","turquoise"
"CD74","brown"
"HIST2H2BC","turquoise"
"MYH10","turquoise"
"PDK4","blue"
"FBXO31","turquoise"
"SHCBP1","turquoise"
"SNORA44","turquoise"
"REEP6","turquoise"
"RHPN2","turquoise"
"NOP56","turquoise"
"ICAM2","turquoise"
"CDYL2","turquoise"
"HMGN2P20","turquoise"
"SEPT9","turquoise"
"TIMM50","turquoise"
"PTPRC","grey"
"TTC38","turquoise"
"FASTK","turquoise"
"IER5","turquoise"
"FOXD1","turquoise"
"GUK1","turquoise"
"CHN2","grey"
"H1FX","turquoise"
"TSPAN3","turquoise"
"FHL2","turquoise"
"RDH10","grey"
"TMEM205","turquoise"
"HMGN2P25","turquoise"
"ZNF415","grey"
"RPL23","turquoise"
"RN7SL125P","turquoise"
"MTSS1","grey"
"ZFP30","turquoise"
"GATA3","turquoise"
"G0S2","turquoise"
"GRPEL2","turquoise"
"RNA5SP268","turquoise"
"AKR1B1","turquoise"
"BASP1","turquoise"
"PTPN22","turquoise"
"SAV1","turquoise"
"COX19","turquoise"
"CCDC125","grey"
"SREBF1","turquoise"
"TRAPPC6A","turquoise"
"ETNK2","turquoise"
"FABP3","grey"
"TUBB4B","turquoise"
"TRAPPC2L","turquoise"
"MTG1","turquoise"
"LONRF1","turquoise"
"MED16","turquoise"
"HLA-A","turquoise"
"RN7SL735P","turquoise"
"SLC25A6","turquoise"
"CALCOCO1","turquoise"
"WDR45","turquoise"
"SHMT2","turquoise"
"TERC","turquoise"
"REPIN1","turquoise"
"BOK","turquoise"
"SLC25A37","turquoise"
"SLC23A2","turquoise"
"MIR15A","turquoise"
"DHRS1","turquoise"
"ZNF93","blue"
"EXOC4","turquoise"
"NAV1","turquoise"
"MR1","turquoise"
"ZDHHC2","grey"
"GNB1","turquoise"
"MYO19","turquoise"
"BSPRY","turquoise"
"LDOC1L","turquoise"
"CYTH3","turquoise"
"CCDC159","turquoise"
"WNT7A","turquoise"
"ZC3HAV1L","turquoise"
"UBASH3B","turquoise"
"RILP","turquoise"
"MISP","turquoise"
"SEC61A1","turquoise"
"PHB","turquoise"
"MYCT1","turquoise"
"MTA1","turquoise"
"DDX60","grey"
"NSUN6","turquoise"
"CD93","turquoise"
"GLOD4","turquoise"
"TMEM9","turquoise"
"NUBP1","turquoise"
"NDUFA3","turquoise"
"TOP3B","turquoise"
"BCKDK","turquoise"
"OSBPL10","turquoise"
"ERGIC1","turquoise"
"NF2","turquoise"
"NCAPG2","turquoise"
"SRBD1","turquoise"
"GLTP","turquoise"
"KLK10","turquoise"
"CDH18","brown"
"ZC3H15","blue"
"ZC3H3","turquoise"
"C5","turquoise"
"GSTA1","turquoise"
"VWDE","turquoise"
"RAP1GAP2","turquoise"
"TOR1A","turquoise"
"GOT2","turquoise"
"FAM84B","turquoise"
"NPR2","turquoise"
"DNMBP","turquoise"
"PATZ1","turquoise"
"LTBR","turquoise"
"FAM219B","turquoise"
"ANKRD27","turquoise"
"GM2A","turquoise"
"APBA2","turquoise"
"UBXN6","turquoise"
"MBD1","turquoise"
"HCAR2","turquoise"
"BUB3","turquoise"
"ZNF749","turquoise"
"RERG","grey"
"TMPO","turquoise"
"AACS","turquoise"
"AGPAT4","turquoise"
"PTK7","turquoise"
"PRAF2","turquoise"
"GPD1L","turquoise"
"PIH1D1","turquoise"
"CNN2","turquoise"
"SLC29A1","turquoise"
"NMT2","turquoise"
"RN7SL368P","turquoise"
"TM7SF2","turquoise"
"PRKACB","turquoise"
"POLA2","turquoise"
"SGK2","turquoise"
"FBXO21","turquoise"
"CHAF1B","turquoise"
"SLC43A2","turquoise"
"POLR2L","turquoise"
"RASGRP1","blue"
"UCP2","blue"
"SUPT5H","turquoise"
"CCNE1","turquoise"
"APLN","turquoise"
"C8orf33","turquoise"
"DNAJC11","turquoise"
"CHERP","turquoise"
"LYRM9","turquoise"
"SLC25A46","turquoise"
"SLC25A15","turquoise"
"GNL1","turquoise"
"HFE","turquoise"
"ADCK1","turquoise"
"SKAP2","grey"
"APOL6","grey"
"ETV3","turquoise"
"PAIP2B","turquoise"
"POLR2D","turquoise"
"EHMT1","turquoise"
"ZNF185","turquoise"
"AKAP1","turquoise"
"ADCK3","turquoise"
"SKIDA1","turquoise"
"DAPP1","brown"
"GALE","turquoise"
"GALNT6","turquoise"
"FAM207A","turquoise"
"OR51B4","turquoise"
"SLITRK6","grey"
"PEX14","turquoise"
"CITED2","turquoise"
"RELA","turquoise"
"FBXW4","turquoise"
"AHCYL1","turquoise"
"HAUS5","turquoise"
"PFKFB3","turquoise"
"DIS3L2","turquoise"
"MREG","turquoise"
"UBAC1","turquoise"
"SMPDL3A","grey"
"MAEA","turquoise"
"UHRF1","turquoise"
"GCDH","turquoise"
"HDGFRP2","turquoise"
"C11orf31","turquoise"
"PHRF1","turquoise"
"TGFB1I1","turquoise"
"LOC645166","turquoise"
"DST","turquoise"
"DOLK","turquoise"
"FAR1","turquoise"
"CDH17","grey"
"LAD1","turquoise"
"CERCAM","turquoise"
"HNF1A-AS1","turquoise"
"PGRMC1","turquoise"
"UNC13A","turquoise"
"NISCH","turquoise"
"EPHX2","turquoise"
"TLR6","turquoise"
"PAFAH1B3","turquoise"
"COLEC12","turquoise"
"MAP1S","turquoise"
"SMARCAL1","turquoise"
"GSDMD","turquoise"
"MLST8","turquoise"
"PMAIP1","grey"
"PRDM14","turquoise"
"CYHR1","turquoise"
"SLC7A6","turquoise"
"DAZAP1","turquoise"
"PDCD2L","turquoise"
"ADCY7","turquoise"
"KERA","grey"
"PRADC1","turquoise"
"MRAP2","turquoise"
"NR5A2","turquoise"
"DNAJC30","turquoise"
"OSR2","turquoise"
"TCEAL8","grey"
"SLC16A14","turquoise"
"ATP5J2-PTCD1","turquoise"
"TUBB7P","turquoise"
"LY6K","turquoise"
"TCTA","turquoise"
"PITX1","turquoise"
"PDIA6","turquoise"
"ABCC10","turquoise"
"ITPR3","turquoise"
"TOLLIP","turquoise"
"TP53RK","turquoise"
"TXNRD2","turquoise"
"SERPINI1","turquoise"
"MSX2","turquoise"
"CCNB1IP1","turquoise"
"TRIM27","turquoise"
"FAT2","turquoise"
"LOC100133091","turquoise"
"NDUFC1","turquoise"
"SAMD12","turquoise"
"FAM73B","turquoise"
"CD320","turquoise"
"PYCRL","turquoise"
"ZNF768","turquoise"
"GSS","turquoise"
"GTPBP2","turquoise"
"GRB14","blue"
"FTL","turquoise"
"TBC1D32","turquoise"
"ZNF542P","grey"
"PCDHB13","turquoise"
"RFPL4A","turquoise"
"IL7","grey"
"RN7SKP79","turquoise"
"MRPL30","turquoise"
"SEC14L1","turquoise"
"HIST1H3F","turquoise"
"BSCL2","turquoise"
"KAT5","turquoise"
"HECW2","turquoise"
"ZNF574","turquoise"
"GJC2","turquoise"
"ALDH4A1","turquoise"
"LIMK2","turquoise"
"MIF4GD","turquoise"
"CLK2P","turquoise"
"RN7SKP170","turquoise"
"LAGE3","turquoise"
"CTU2","turquoise"
"RN7SL357P","turquoise"
"CTNNBL1","turquoise"
"HSPG2","turquoise"
"CXCL6","turquoise"
"ROR2","turquoise"
"ALG12","turquoise"
"AXIN1","turquoise"
"UTP6","turquoise"
"CHCHD4","turquoise"
"CCL28","brown"
"FAHD1","turquoise"
"FAM83D","turquoise"
"PEX2","turquoise"
"SLC16A13","turquoise"
"KAT2A","turquoise"
"LAMA1","turquoise"
"LHX8","turquoise"
"RBBP7","grey"
"JADE2","turquoise"
"PIAS3","turquoise"
"GSTCD","turquoise"
"PDP1","turquoise"
"VAMP7","turquoise"
"PDZD4","turquoise"
"MBNL2","grey"
"NT5DC3","turquoise"
"ADRBK2","turquoise"
"CTSS","grey"
"TNNC1","turquoise"
"OR7E26P","turquoise"
"MRM1","turquoise"
"SERPIND1","turquoise"
"AXIN2","turquoise"
"TCEA2","turquoise"
"PIGX","turquoise"
"HARS","turquoise"
"TELO2","turquoise"
"DPH2","turquoise"
"ASMTL","turquoise"
"C5orf63","grey"
"KCNK5","turquoise"
"ESYT1","turquoise"
"PROCR","turquoise"
"HIST1H4F","turquoise"
"RFWD3","turquoise"
"TLL1","grey"
"CTSC","turquoise"
"TSPAN18","turquoise"
"ST3GAL6","grey"
"GMPPA","turquoise"
"ABCF2","turquoise"
"CPT2","turquoise"
"SEMA4B","turquoise"
"C19orf40","turquoise"
"FRRS1","turquoise"
"TUBBP5","turquoise"
"RANBP17","turquoise"
"AADAC","turquoise"
"PDE4D","turquoise"
"MIR221","turquoise"
"PPIL2","turquoise"
"FAM160A1","turquoise"
"ITGB1","turquoise"
"CHMP7","turquoise"
"TMEM216","turquoise"
"HHEX","turquoise"
"ORMDL3","turquoise"
"EIF3G","turquoise"
"PCYOX1L","turquoise"
"GADD45GIP1","turquoise"
"FHOD3","turquoise"
"EVC","turquoise"
"ETV5","turquoise"
"C1orf74","turquoise"
"ALDH16A1","turquoise"
"TCF24","turquoise"
"ATP9B","turquoise"
"HS3ST3B1","turquoise"
"CLPB","turquoise"
"PLOD3","turquoise"
"PARVA","grey"
"NAP1L4","turquoise"
"PDLIM4","turquoise"
"SALL1","turquoise"
"COTL1","turquoise"
"SIRT3","turquoise"
"SNORA20","turquoise"
"ATG7","turquoise"
"RPL39L","grey"
"TRAPPC4","turquoise"
"RNA5-8SP6","turquoise"
"SERPINB7","turquoise"
"ARF3","turquoise"
"TBCC","turquoise"
"MRPL12","turquoise"
"RNA5SP140","turquoise"
"CIRH1A","turquoise"
"GHR","turquoise"
"KDELC1","turquoise"
"HMGA2","turquoise"
"MAP4K5","turquoise"
"MYC","turquoise"
"OCM","turquoise"
"WDR91","turquoise"
"ARAP2","grey"
"FAM43A","turquoise"
"SCAP","turquoise"
"CYB5R1","turquoise"
"DYSF","turquoise"
"PRPF31","turquoise"
"LINC00965","turquoise"
"MRI1","turquoise"
"HCFC1","turquoise"
"UTP11L","turquoise"
"SLC9A6","turquoise"
"MATN2","turquoise"
"ZNF786","turquoise"
"ACTL8","turquoise"
"EBP","turquoise"
"EIF2B2","turquoise"
"TMEM164","turquoise"
"NFYA","turquoise"
"KIAA0226","turquoise"
"NQO2","turquoise"
"GNA11","turquoise"
"CSNK1E","turquoise"
"ANXA5","turquoise"
"DDX58","grey"
"TMEM194A","turquoise"
"DAPK3","turquoise"
"EIF4E3","blue"
"DOCK5","turquoise"
"RANBP6","turquoise"
"EXOSC6","turquoise"
"DHRS4L2","turquoise"
"PIGV","turquoise"
"VAV3","blue"
"CABLES1","turquoise"
"MICALL1","turquoise"
"EPB41L3","turquoise"
"FMN2","turquoise"
"CXCL2","grey"
"MAPKBP1","turquoise"
"E4F1","turquoise"
"SOCS2","turquoise"
"BRD9","turquoise"
"CCND1","turquoise"
"MAP2K4","turquoise"
"SNAPC1","turquoise"
"ADORA2B","turquoise"
"TSPO","turquoise"
"UBIAD1","turquoise"
"MBD3","turquoise"
"JMJD7","turquoise"
"HSD17B4","grey"
"GSPT2","grey"
"TSPAN14","turquoise"
"DTX3L","grey"
"CDK2","turquoise"
"RNF26","turquoise"
"LMO7","grey"
"EHD2","turquoise"
"ABHD6","turquoise"
"PTPRK","brown"
"SNRNP200","turquoise"
"TBCEL","turquoise"
"WRNIP1","turquoise"
"SYDE1","turquoise"
"B3GNT5","grey"
"LRP3","turquoise"
"SPC25","turquoise"
"PYCARD","turquoise"
"RN7SKP140","turquoise"
"ADH1C","turquoise"
"SLC26A6","turquoise"
"PTCH2","turquoise"
"YARS","turquoise"
"LAMA3","grey"
"LPHN3","grey"
"NAA10","turquoise"
"MOB2","turquoise"
"RTFDC1","turquoise"
"C12orf66","turquoise"
"NABP1","grey"
"XPO7","turquoise"
"PNP","turquoise"
"PPP6R2","turquoise"
"SAMD4A","turquoise"
"CADM1","blue"
"SS18L2","turquoise"
"SP140L","grey"
"NBEAL2","turquoise"
"RIN2","turquoise"
"RAB11B","turquoise"
"GREB1L","turquoise"
"PIPOX","turquoise"
"SUGP1","turquoise"
"ZMAT2","turquoise"
"MIR155HG","turquoise"
"PTRH1","turquoise"
"PPM1L","turquoise"
"IFFO2","turquoise"
"SYMPK","turquoise"
"GZF1","turquoise"
"DEAF1","turquoise"
"LMNB1","turquoise"
"DYNC1H1","turquoise"
"GAS8","turquoise"
"FOXRED2","turquoise"
"ADNP2","turquoise"
"COX5B","turquoise"
"TSPAN9","turquoise"
"BTBD2","turquoise"
"PKN3","turquoise"
"ATP6V1B2","turquoise"
"GTF2H4","turquoise"
"DDX27","turquoise"
"ZC3H7B","turquoise"
"NHEJ1","turquoise"
"TAF6L","turquoise"
"SNORD109B","grey"
"SNORD13P3","turquoise"
"ANAPC2","turquoise"
"PLSCR3","turquoise"
"CDH11","turquoise"
"WIF1","turquoise"
"DPH5","turquoise"
"TMCO3","turquoise"
"FIBIN","turquoise"
"EBPL","turquoise"
"EIF1AD","turquoise"
"IER3","turquoise"
"PKIG","turquoise"
"CCDC109B","turquoise"
"RNU6-398P","blue"
"ZNF581","turquoise"
"TENM2","turquoise"
"MANEAL","turquoise"
"EML1","grey"
"RPLP1","turquoise"
"RNF187","turquoise"
"RNF43","turquoise"
"TUSC2","turquoise"
"LRP4","turquoise"
"METTL13","turquoise"
"GBA","turquoise"
"ZNF625-ZNF20","grey"
"CCR10","turquoise"
"ZNF687","turquoise"
"HOXB5","turquoise"
"PCBD1","turquoise"
"TMEM177","turquoise"
"PIGO","turquoise"
"CSNK2B","turquoise"
"ATP5F1","blue"
"HNF4G","grey"
"ABCA2","turquoise"
"IL27RA","turquoise"
"TOMM22","turquoise"
"CNIH3","turquoise"
"CSTA","grey"
"RBM14-RBM4","turquoise"
"LOC100996760","turquoise"
"ZNF626","grey"
"C17orf58","turquoise"
"SFRP4","turquoise"
"C4orf46","turquoise"
"SNORA13","turquoise"
"SH3RF1","turquoise"
"CLTA","turquoise"
"CPTP","turquoise"
"C19orf10","turquoise"
"OR2A7","brown"
"SEC61B","turquoise"
"PXDC1","turquoise"
"DEF8","turquoise"
"EPS8L2","turquoise"
"MAOA","grey"
"NUP85","turquoise"
"HMGXB3","turquoise"
"PTBP2","turquoise"
"UBXN1","turquoise"
"CORO1B","turquoise"
"PFKP","turquoise"
"CPOX","turquoise"
"SMG6","turquoise"
"SNORD50B","turquoise"
"STYK1","turquoise"
"SPNS2","turquoise"
"CHST12","turquoise"
"GPI","turquoise"
"FBLN5","grey"
"NUDT16","turquoise"
"MIRLET7I","turquoise"
"STK17A","turquoise"
"C19orf43","turquoise"
"TRRAP","turquoise"
"MTMR4","turquoise"
"IGFBP4","turquoise"
"INTS1","turquoise"
"SBNO2","turquoise"
"NRBP2","turquoise"
"TMED1","turquoise"
"TTC4","turquoise"
"COPS6","turquoise"
"FAM171A1","turquoise"
"CEP85","turquoise"
"PDLIM7","turquoise"
"APOLD1","turquoise"
"CMTR1","turquoise"
"CASD1","turquoise"
"A2M","turquoise"
"RIMKLB","blue"
"BCKDHB","turquoise"
"ARAP3","turquoise"
"TYRO3","turquoise"
"CTDSP1","turquoise"
"SLC35B2","turquoise"
"GTF3C1","turquoise"
"KLHL9","turquoise"
"C1orf192","blue"
"MCC","turquoise"
"METTL6","turquoise"
"TST","turquoise"
"ZNF689","turquoise"
"ARHGEF40","turquoise"
"TMEM256","turquoise"
"SNORA10","turquoise"
"TSC2","turquoise"
"ARHGAP19","turquoise"
"MED31","turquoise"
"RN7SKP55","turquoise"
"RAB39B","turquoise"
"TLR3","turquoise"
"CD97","turquoise"
"ORC5","turquoise"
"LAYN","turquoise"
"IL17RD","turquoise"
"EMC9","turquoise"
"ARL8A","turquoise"
"GMNN","turquoise"
"SLAMF6","turquoise"
"SNORA6","turquoise"
"EPB41L4A-AS1","turquoise"
"FAM53C","turquoise"
"FRMD8","turquoise"
"URM1","turquoise"
"RRP9","turquoise"
"NRIP3","turquoise"
"RNF123","turquoise"
"KCTD20","turquoise"
"ANKRD39","turquoise"
"HIP1R","turquoise"
"PLA2R1","turquoise"
"HLA-J","turquoise"
"TBC1D16","turquoise"
"FBXO3","turquoise"
"IFIT5","turquoise"
"ACTR1B","turquoise"
"SLC46A1","turquoise"
"HLA-B","turquoise"
"CXXC5","turquoise"
"CHD7","turquoise"
"GNB2L1","turquoise"
"SETD4","turquoise"
"TMEM185B","turquoise"
"PRSS35","turquoise"
"NELFA","turquoise"
"IMPA2","turquoise"
"C14orf80","turquoise"
"ABCA3","turquoise"
"PDIA4","turquoise"
"PCBD2","turquoise"
"SLC25A51","turquoise"
"ARHGEF35","turquoise"
"STARD7-AS1","turquoise"
"GABBR1","turquoise"
"RN7SL636P","turquoise"
"KCNJ3","turquoise"
"LTBP1","grey"
"BUD13","turquoise"
"TOMM5","turquoise"
"PPME1","turquoise"
"SEC11C","turquoise"
"LOC100131826","turquoise"
"GPR162","turquoise"
"ATG4D","turquoise"
"SMPD1","turquoise"
"DDB2","turquoise"
"TMEM107","turquoise"
"OSBPL6","turquoise"
"SEMA6D","grey"
"RNF212","grey"
"RPTOR","turquoise"
"IDH2","turquoise"
"ABCF1","turquoise"
"TSHZ2","grey"
"ADAM22","turquoise"
"FMNL3","turquoise"
"ZNF35","turquoise"
"SERPINA1","grey"
"TRIM14","turquoise"
"MGP","grey"
"C17orf70","turquoise"
"MLF1","turquoise"
"CCDC3","grey"
"ZNF526","turquoise"
"ZFYVE27","turquoise"
"RECQL5","turquoise"
"NRARP","turquoise"
"PFKFB4","turquoise"
"ACOT7","turquoise"
"DAGLB","turquoise"
"C1orf116","turquoise"
"NTN5","turquoise"
"HBE1","turquoise"
"GALNT18","turquoise"
"B3GALTL","turquoise"
"HNRNPL","turquoise"
"ZNF398","turquoise"
"PKM","turquoise"
"EPHX4","grey"
"CLEC11A","turquoise"
"FAM57A","turquoise"
"HTR1F","turquoise"
"ARHGEF18","turquoise"
"SNORA75","turquoise"
"ACTR5","turquoise"
"C15orf48","grey"
"DAGLA","turquoise"
"EFEMP2","turquoise"
"POF1B","grey"
"RNF152","turquoise"
"LRRC14","turquoise"
"KIF4B","turquoise"
"SF3A3","turquoise"
"POU5F1B","turquoise"
"ZNF738","turquoise"
"F2RL2","turquoise"
"RPS6KA2","turquoise"
"TAF10","turquoise"
"CSPG4","turquoise"
"LDHC","turquoise"
"DR1","turquoise"
"ANXA11","turquoise"
"MIR194-2","turquoise"
"ASNS","turquoise"
"TMEM92","turquoise"
"RBM15","turquoise"
"ABL1","turquoise"
"MDK","turquoise"
"NAAA","turquoise"
"TMEM171","grey"
"ACOX3","turquoise"
"SYTL5","turquoise"
"DCPS","turquoise"
"TMEM138","turquoise"
"RPS26P15","turquoise"
"CPQ","grey"
"ZSCAN12","turquoise"
"STARD10","turquoise"
"SCARA3","turquoise"
"VAMP5","turquoise"
"ZNF549","turquoise"
"AJAP1","grey"
"CHCHD7","blue"
"SDC4","turquoise"
"CRIPT","turquoise"
"COL1A1","turquoise"
"ISL1","turquoise"
"UBE2NL","turquoise"
"TET3","turquoise"
"SLC14A1","turquoise"
"SCARNA22","turquoise"
"MOB3C","turquoise"
"PEAR1","turquoise"
"B4GALT2","turquoise"
"RN7SL473P","turquoise"
"ABHD16A","turquoise"
"INSIG2","turquoise"
"FAS","grey"
"HECTD3","turquoise"
"SRD5A3","turquoise"
"ZNF776","turquoise"
"UNK","turquoise"
"LRRC75A-AS1","turquoise"
"IRF3","turquoise"
"XRRA1","turquoise"
"EXPH5","grey"
"TFAP2A","grey"
"HEATR2","turquoise"
"NOP14","turquoise"
"PLD2","turquoise"
"FAM134B","grey"
"RAB11FIP3","turquoise"
"TNKS1BP1","turquoise"
"KRT20","turquoise"
"PRDM1","turquoise"
"AGRN","turquoise"
"WDR81","turquoise"
"SH3BP4","turquoise"
"BCMO1","grey"
"CRK","turquoise"
"NTMT1","turquoise"
"FABP7","turquoise"
"ARPC4","turquoise"
"TMEM39B","turquoise"
"RNA5SP403","turquoise"
"RN7SL164P","turquoise"
"LGALS3","turquoise"
"RELT","turquoise"
"SIL1","turquoise"
"TSPYL1","turquoise"
"C11orf70","grey"
"ITPK1","turquoise"
"ZSCAN32","turquoise"
"CRMP1","turquoise"
"YTHDF2","turquoise"
"BTG2","turquoise"
"PLCB3","turquoise"
"PPP1R3B","grey"
"ADI1","turquoise"
"RN7SL38P","turquoise"
"UBR7","turquoise"
"PLEKHA7","turquoise"
"EGF","blue"
"YIF1B","turquoise"
"SNTB1","grey"
"TDRP","turquoise"
"FGF12","grey"
"SPSB1","turquoise"
"PHLDB1","turquoise"
"XBP1","turquoise"
"CD70","turquoise"
"CYB561","turquoise"
"ARHGAP22","turquoise"
"LITAF","turquoise"
"ZNF746","turquoise"
"HDAC9","turquoise"
"CHTF18","turquoise"
"CCRN4L","turquoise"
"USP35","turquoise"
"MCOLN2","turquoise"
"GRB2","turquoise"
"ZSWIM2","grey"
"AARS","turquoise"
"HLA-C","turquoise"
"BLNK","grey"
"ATF6B","turquoise"
"BAIAP2","turquoise"
"CARD6","grey"
"GLRX5","turquoise"
"NUAK1","turquoise"
"LETMD1","turquoise"
"USP18","turquoise"
"RPLP0","turquoise"
"ACAD8","turquoise"
"MTFR1","turquoise"
"C19orf53","turquoise"
"SIPA1L3","turquoise"
"LRFN4","turquoise"
"WBP1","turquoise"
"PDXK","turquoise"
"ZNF134","turquoise"
"APOE","turquoise"
"CADPS2","grey"
"TRADD","turquoise"
"GPSM1","turquoise"
"ARHGEF5","turquoise"
"CREB5","blue"
"RNF128","turquoise"
"PIP5K1A","turquoise"
"ANKRD18B","turquoise"
"BRAT1","turquoise"
"SHOX2","turquoise"
"HACE1","turquoise"
"RNF144A","turquoise"
"RN7SL677P","turquoise"
"MTMR14","turquoise"
"KLHL22","turquoise"
"CPE","grey"
"MTUS1","grey"
"DHX16","turquoise"
"CDCA7","turquoise"
"ARMCX6","turquoise"
"FAM110A","turquoise"
"MARCH3","turquoise"
"FAM96A","turquoise"
"P2RY2","turquoise"
"WDR45B","turquoise"
"MAVS","turquoise"
"STAMBPL1","turquoise"
"HOXA11","turquoise"
"IGF1R","turquoise"
"MSANTD3","turquoise"
"ITIH2","turquoise"
"GK","turquoise"
"DNAJC8","turquoise"
"SMC1B","brown"
"MYCN","grey"
"TRPC1","grey"
"TMEFF2","grey"
"FUT9","grey"
"TEP1","turquoise"
"SLC16A9","turquoise"
"PREB","turquoise"
"TBC1D22A","turquoise"
"PPP4R1L","turquoise"
"PIK3AP1","turquoise"
"MID2","grey"
"WDFY2","turquoise"
"NCBP2","turquoise"
"MOV10","turquoise"
"SCG2","turquoise"
"NR2C2AP","turquoise"
"NUDT12","turquoise"
"PROSC","turquoise"
"SYTL3","turquoise"
"CTDP1","turquoise"
"PUS1","turquoise"
"RAE1","turquoise"
"PRCC","turquoise"
"TMEM185A","turquoise"
"EPHB1","turquoise"
"H6PD","turquoise"
"CTNNB1","turquoise"
"PRMT5","turquoise"
"PPM1D","turquoise"
"ZNF772","turquoise"
"RGL2","turquoise"
"HMGB1P1","turquoise"
"INADL","brown"
"TNS4","turquoise"
"RN7SL632P","turquoise"
"SLC25A25","turquoise"
"DDX49","turquoise"
"GART","turquoise"
"TMCO4","turquoise"
"CDC42EP1","turquoise"
"CDK5RAP3","turquoise"
"CTNNA1","turquoise"
"TGIF2","turquoise"
"H3F3B","turquoise"
"JAKMIP2","turquoise"
"OLFML2A","turquoise"
"FZD2","turquoise"
"MRFAP1L1","turquoise"
"BOC","turquoise"
"SNORD49A","turquoise"
"STAG3L4","turquoise"
"C11orf73","turquoise"
"KLHL36","turquoise"
"ERH","turquoise"
"PROM2","turquoise"
"HSF1","turquoise"
"DPCD","turquoise"
"SMA4","turquoise"
"ZNF32","turquoise"
"ULK2","turquoise"
"APBB2","turquoise"
"GSTA4","grey"
"HSPA2","grey"
"CORO1C","turquoise"
"HEPH","turquoise"
"ZNF408","turquoise"
"TNFAIP3","grey"
"MCM6","turquoise"
"MAFK","turquoise"
"ZNF423","turquoise"
"ARMC7","turquoise"
"RPUSD1","turquoise"
"BNIP3","blue"
"DNAJC5","turquoise"
"CIB2","turquoise"
"VRTN","turquoise"
"LSM11","turquoise"
"CDON","turquoise"
"COG7","turquoise"
"TNFRSF11A","turquoise"
"LIMA1","turquoise"
"CNDP2","turquoise"
"C19orf70","turquoise"
"CXCR4","grey"
"C12orf55","grey"
"LRSAM1","turquoise"
"PEX26","turquoise"
"MAP3K6","turquoise"
"OGDHL","turquoise"
"ABHD12","turquoise"
"SAP30","turquoise"
"CST3","turquoise"
"BAI3","turquoise"
"INPP5B","turquoise"
"UPP1","turquoise"
"DHRS7","turquoise"
"SIRPB1","grey"
"PTGES2","turquoise"
"NCAPD3","turquoise"
"ROGDI","turquoise"
"DCTN2","turquoise"
"C11orf83","turquoise"
"MT1M","turquoise"
"NEIL3","grey"
"ALDH6A1","turquoise"
"PREX1","turquoise"
"RNF149","turquoise"
"LINGO2","grey"
"HIST1H2BG","turquoise"
"PRSS8","turquoise"
"RNF126","turquoise"
"KCNQ5","turquoise"
"AKIP1","turquoise"
"C9orf37","turquoise"
"ACOT11","turquoise"
"HSPBP1","turquoise"
"RNF145","turquoise"
"SMUG1","turquoise"
"MCM4","turquoise"
"ERCC6L","turquoise"
"RAB33B","turquoise"
"SVIP","grey"
"PTDSS1","turquoise"
"RN7SL192P","turquoise"
"ACTB","turquoise"
"FAM58DP","turquoise"
"CHURC1","turquoise"
"C12orf43","turquoise"
"PCNXL3","turquoise"
"TRAF2","turquoise"
"ENDOV","turquoise"
"NOTCH3","turquoise"
"HCAR3","grey"
"RN7SL549P","turquoise"
"PCNT","turquoise"
"MCM3AP","turquoise"
"THEM6","turquoise"
"RN7SL63P","turquoise"
"IPO11","turquoise"
"THBD","turquoise"
"DCUN1D2","turquoise"
"PDRG1","turquoise"
"COX10","turquoise"
"ENGASE","turquoise"
"FAM168B","turquoise"
"UBA7","turquoise"
"OAT","turquoise"
"CDC42EP2","turquoise"
"EHD1","turquoise"
"ACOT8","turquoise"
"MARC2","turquoise"
"TIMM10","turquoise"
"SLC26A7","turquoise"
"DENND1B","brown"
"MIR205","turquoise"
"NIPA1","turquoise"
"SNX12","turquoise"
"ERRFI1","grey"
"FTSJ1","turquoise"
"SLC30A8","turquoise"
"ELTD1","grey"
"OGFOD3","turquoise"
"POLG","turquoise"
"MGAT4B","turquoise"
"TMEM136","turquoise"
"PPP1R12C","turquoise"
"GABRE","turquoise"
"NPAS2","grey"
"SUV420H2","turquoise"
"AKR1C1","turquoise"
"ATAD3C","turquoise"
"PGAP2","turquoise"
"RAB27A","turquoise"
"CREG2","turquoise"
"CNOT10","turquoise"
"GPM6B","grey"
"NUDT7","turquoise"
"KDM4B","turquoise"
"NF1P3","turquoise"
"CCDC85B","turquoise"
"DTNBP1","turquoise"
"TRMT112","turquoise"
"STMN3","turquoise"
"ITPKC","turquoise"
"LOC100130428","turquoise"
"FAT4","turquoise"
"MAPK8IP1","turquoise"
"RWDD2B","grey"
"ANK3","grey"
"MKX","grey"
"DVL1","turquoise"
"DIDO1","turquoise"
"GATAD2A","turquoise"
"CYB5D2","turquoise"
"RNF10","turquoise"
"ESPL1","turquoise"
"HMGN2","turquoise"
"SLC2A8","turquoise"
"RNA5SP283","turquoise"
"NOS1","grey"
"ACP6","turquoise"
"HDDC3","turquoise"
"PPARG","grey"
"MAPK10","turquoise"
"ABLIM1","grey"
"BGN","turquoise"
"CHPF2","turquoise"
"PIGW","turquoise"
"RAB29","turquoise"
"CEP72","turquoise"
"TSSK6","turquoise"
"TBC1D24","turquoise"
"TMEM259","turquoise"
"GNG7","turquoise"
"PLCG2","turquoise"
"WBP5","grey"
"RUSC2","turquoise"
"C2orf44","turquoise"
"VAV2","turquoise"
"SLC4A8","turquoise"
"POTEE","turquoise"
"ENO3","turquoise"
"MXRA5","grey"
"BRINP3","turquoise"
"ZNF83","grey"
"SYTL2","brown"
"FAM184A","grey"
"CTNNBIP1","turquoise"
"LINC00339","turquoise"
"PSMD9","turquoise"
"RPP14","turquoise"
"RNU6-818P","turquoise"
"C17orf62","turquoise"
"CHRM3","turquoise"
"PRICKLE2","turquoise"
"C12orf75","blue"
"RPL35","turquoise"
"MBLAC2","turquoise"
"PAX8-AS1","grey"
"NOSTRIN","blue"
"PPP1R15B","turquoise"
"GTF3C5","turquoise"
"TMEM165","turquoise"
"CAMK1D","turquoise"
"RNU1-13P","turquoise"
"ALPK1","turquoise"
"COMMD7","turquoise"
"SLC27A1","turquoise"
"NIT1","turquoise"
"RCN3","turquoise"
"ITPRIP","turquoise"
"PDCL","turquoise"
"RAD9A","turquoise"
"WDR3","turquoise"
"TMEM246","turquoise"
"SEPT6","turquoise"
"ARHGAP4","turquoise"
"PSMF1","turquoise"
"YBX3","turquoise"
"CDK5RAP1","turquoise"
"PI4KAP2","turquoise"
"BHLHE41","brown"
"BCAR3","turquoise"
"C21orf91","turquoise"
"TBL2","turquoise"
"CNNM1","turquoise"
"C9orf89","turquoise"
"ASH2L","turquoise"
"GORASP1","turquoise"
"PRSS2","turquoise"
"SLC52A2","turquoise"
"CA13","turquoise"
"LOH12CR1","turquoise"
"PHKG2","turquoise"
"CLIC5","brown"
"DLG4","turquoise"
"CLCN5","turquoise"
"ZNF460","turquoise"
"NPY1R","grey"
"BEND4","turquoise"
"AJUBA","turquoise"
"SERPINB9P1","turquoise"
"GAK","turquoise"
"CNNM3","turquoise"
"CAPN13","grey"
"SMAGP","turquoise"
"PSMD4","turquoise"
"RNF31","turquoise"
"CNEP1R1","turquoise"
"SAMD5","turquoise"
"DNAJC22","turquoise"
"FAM83A","turquoise"
"SLC37A3","turquoise"
"PPP2R3A","grey"
"GRAP","turquoise"
"CRCP","turquoise"
"RABGGTA","turquoise"
"PCK2","turquoise"
"NEDD4L","grey"
"THOC5","turquoise"
"ARPC5","turquoise"
"ZNF320","grey"
"ILVBL","turquoise"
"WNT7B","turquoise"
"GINS1","turquoise"
"HACL1","turquoise"
"SEPN1","turquoise"
"SKAP1","grey"
"CYB5B","turquoise"
"MINK1","turquoise"
"WDR62","turquoise"
"UTP18","turquoise"
"MSANTD3-TMEFF1","grey"
"DHX34","turquoise"
"TK2","turquoise"
"PLEKHM2","turquoise"
"CDC25A","turquoise"
"MPP2","turquoise"
"HRASLS","grey"
"HSPD1P1","turquoise"
"GRB7","turquoise"
"INHBE","turquoise"
"NXT1","turquoise"
"TRDMT1","turquoise"
"PHPT1","turquoise"
"DNM1","turquoise"
"PAQR4","turquoise"
"FUCA1","grey"
"USE1","turquoise"
"ZNF551","turquoise"
"HDX","grey"
"PRKAR1B","turquoise"
"DGKA","turquoise"
"GTSE1","turquoise"
"NIPAL2","grey"
"COMMD8","turquoise"
"RTN1","turquoise"
"RNU6-299P","turquoise"
"MSLN","turquoise"
"COIL","turquoise"
"SRPR","turquoise"
"ZNF783","turquoise"
"ACKR2","brown"
"SLC26A2","grey"
"INO80E","turquoise"
"DRP2","turquoise"
"CLEC12B","turquoise"
"TPBG","turquoise"
"SLC22A5","turquoise"
"LETM1","turquoise"
"USP21","turquoise"
"PLCL2","turquoise"
"VASP","turquoise"
"HEBP1","turquoise"
"HAS2","grey"
"RPL27A","turquoise"
"GATC","turquoise"
"DCAF5","turquoise"
"MUC4","turquoise"
"MIEN1","turquoise"
"PLXND1","turquoise"
"CNPY4","turquoise"
"TBX15","blue"
"ANKMY2","turquoise"
"RFC5","turquoise"
"XRCC3","turquoise"
"MAP7D2","grey"
"CCDC85C","turquoise"
"OR2A9P","turquoise"
"NSMCE1","turquoise"
"NCOA5","turquoise"
"INTS7","turquoise"
"FTH1P11","turquoise"
"SNORD15A","turquoise"
"FAM81A","turquoise"
"FUOM","turquoise"
"ANXA4","blue"
"CCDC92","turquoise"
"THAP11","turquoise"
"TNFAIP1","turquoise"
"ARRB2","turquoise"
"CNPY2","turquoise"
"SCML1","turquoise"
"ZNF74","turquoise"
"ZNF224","turquoise"
"GOLIM4","turquoise"
"ICA1L","turquoise"
"COQ7","turquoise"
"C1DP2","turquoise"
"ZFP42","turquoise"
"SHROOM3","turquoise"
"URB1","turquoise"
"ALDH1A2","turquoise"
"DCAKD","turquoise"
"ARFRP1","turquoise"
"ISL2","turquoise"
"SLC37A2","turquoise"
"NAA40","turquoise"
"EFCAB1","grey"
"MRPS25","turquoise"
"SLC29A4","turquoise"
"PAK3","grey"
"DSN1","turquoise"
"TSPAN33","turquoise"
"DCBLD2","brown"
"LIF","turquoise"
"FIS1","turquoise"
"ZNF43","blue"
"PACSIN2","turquoise"
"PRPF6","turquoise"
"DLST","turquoise"
"GPR15","grey"
"LRRN3","grey"
"EVA1A","turquoise"
"ACTR3C","blue"
"MMACHC","turquoise"
"GNGT2","turquoise"
"ARNT2","turquoise"
"WNT5B","turquoise"
"TWSG1","turquoise"
"MAZ","turquoise"
"ZNF124","turquoise"
"KRTCAP2","turquoise"
"RN7SL65P","turquoise"
"MLPH","turquoise"
"RNU1-91P","turquoise"
"SSPN","grey"
"BST1","turquoise"
"KANK2","turquoise"
"CDAN1","turquoise"
"DALRD3","turquoise"
"METTL15","turquoise"
"ARHGAP10","turquoise"
"MRPL4","turquoise"
"EDEM2","turquoise"
"MDH2","turquoise"
"RPP21","turquoise"
"PELI2","grey"
"OLIG3","turquoise"
"SALL2","grey"
"AGPAT1","turquoise"
"TNFAIP8L1","turquoise"
"DCTD","turquoise"
"MAP3K14","turquoise"
"DGAT1","turquoise"
"GXYLT1","turquoise"
"CERS4","turquoise"
"ZFP69B","turquoise"
"VCP","turquoise"
"DNAJA4","grey"
"ZNF667","turquoise"
"ZMAT1","turquoise"
"LOC54944","turquoise"
"ASCC2","turquoise"
"CASP6","turquoise"
"RNU6-916P","turquoise"
"TNFRSF9","turquoise"
"FLCN","turquoise"
"FAM53B","turquoise"
"RNU6-564P","blue"
"GRAMD4","turquoise"
"CCDC69","turquoise"
"DSCR3","turquoise"
"FJX1","turquoise"
"SLC20A2","turquoise"
"ADAM28","turquoise"
"IMPDH2","turquoise"
"PHLDA2","turquoise"
"DNTTIP1","turquoise"
"UQCC2","turquoise"
"LOC654342","turquoise"
"VPS26B","turquoise"
"RAD54L","turquoise"
"CYB5R3","turquoise"
"HOXB7","turquoise"
"TMSB15B","turquoise"
"LIPC","grey"
"C22orf29","turquoise"
"TMEM102","turquoise"
"MIEF1","turquoise"
"RN7SL478P","turquoise"
"FAM127C","turquoise"
"C6orf48","turquoise"
"PGM2L1","grey"
"SDSL","turquoise"
"C9orf3","turquoise"
"PIK3R3","grey"
"ZBTB3","turquoise"
"MAN1B1","turquoise"
"CLN8","turquoise"
"ZNF445","turquoise"
"WNT8A","turquoise"
"MTCH2","turquoise"
"CDK2AP1","turquoise"
"SMYD5","turquoise"
"DAG1","turquoise"
"WDR24","turquoise"
"RASEF","grey"
"HNRNPM","turquoise"
"INPP4A","turquoise"
"KDELR3","grey"
"TROAP","turquoise"
"RNU1-134P","turquoise"
"KIAA1147","turquoise"
"SYT1","turquoise"
"KDSR","turquoise"
"TMPPE","turquoise"
"THUMPD2","turquoise"
"SLC35B4","turquoise"
"RNY4P13","turquoise"
"MAP3K12","turquoise"
"ARSA","turquoise"
"GUCA1C","grey"
"ABTB1","turquoise"
"TMEM243","turquoise"
"CREB3","turquoise"
"OSTF1","turquoise"
"ABI3BP","grey"
"NCK2","turquoise"
"APRT","turquoise"
"TYRP1","grey"
"SMARCD1","turquoise"
"ARHGEF11","turquoise"
"RPS27L","turquoise"
"HNRNPAB","turquoise"
"SLC25A19","turquoise"
"PGLS","turquoise"
"ZNF585B","brown"
"FAM127B","turquoise"
"ETHE1","turquoise"
"HES7","turquoise"
"SPATC1L","turquoise"
"RSRP1","turquoise"
"PIEZO2","grey"
"LTA4H","turquoise"
"RPL36AP6","turquoise"
"ATG12","turquoise"
"PCGF5","grey"
"MORC4","turquoise"
"COL4A5","turquoise"
"ZEB2","turquoise"
"LAMP3","grey"
"DNPH1","turquoise"
"DEFB1","grey"
"MAGOHB","turquoise"
"RBM22","turquoise"
"EMD","turquoise"
"NT5C","turquoise"
"INO80C","turquoise"
"SPTBN2","turquoise"
"IFITM10","turquoise"
"CLN3","turquoise"
"CALM3","turquoise"
"SHC3","turquoise"
"CNTN4","grey"
"TTC7B","turquoise"
"LPXN","turquoise"
"C4orf32","turquoise"
"TMOD3","turquoise"
"PARP12","grey"
"SRC","turquoise"
"HLF","blue"
"TMEM192","turquoise"
"FZD8","turquoise"
"SLC48A1","turquoise"
"LINC00472","grey"
"SMAP2","turquoise"
"IL12A","turquoise"
"FAM185A","turquoise"
"RPS6KA5","turquoise"
"ZNF429","blue"
"SEC24C","turquoise"
"DENND2A","turquoise"
"MT-TT","grey"
"ZYG11A","turquoise"
"TERF2IP","turquoise"
"PABPC1","turquoise"
"TMEM2","grey"
"PEA15","turquoise"
"TBC1D4","turquoise"
"HOXB4","turquoise"
"KLF4","turquoise"
"HS1BP3","turquoise"
"TRPC6","grey"
"AADAT","turquoise"
"SUB1P3","turquoise"
"P4HTM","turquoise"
"CARS","turquoise"
"WDR27","turquoise"
"NRROS","turquoise"
"RNU1-122P","turquoise"
"RN7SL16P","turquoise"
"GYS1","turquoise"
"FIGNL2","turquoise"
"ELK3","turquoise"
"TUBG1","turquoise"
"ADCK2","turquoise"
"PIGQ","turquoise"
"M1AP","grey"
"COMMD9","turquoise"
"CNKSR3","turquoise"
"MUS81","turquoise"
"ACTC1","grey"
"TPMT","turquoise"
"SLC12A9","turquoise"
"HMGCS1","turquoise"
"JMJD4","turquoise"
"LIPT2","turquoise"
"ADAMTSL3","grey"
"PMVK","turquoise"
"MTHFR","turquoise"
"VMA21","turquoise"
"CTU1","turquoise"
"BARX2","turquoise"
"SNORD32B","turquoise"
"CSAG3","turquoise"
"MRPL41","turquoise"
"PPP4R1","turquoise"
"U2AF1","turquoise"
"RN7SL166P","turquoise"
"DPPA2","grey"
"MON1A","turquoise"
"SPX","grey"
"ROMO1","turquoise"
"SND1","turquoise"
"HERC3","turquoise"
"USP40","turquoise"
"CCDC71L","turquoise"
"BLMH","turquoise"
"EML5","turquoise"
"NES","turquoise"
"LRRC57","turquoise"
"GGA2","turquoise"
"RN7SL643P","turquoise"
"INSR","turquoise"
"SFMBT2","turquoise"
"PHEX","turquoise"
"CTPS1","turquoise"
"NDUFA2","turquoise"
"FHOD1","turquoise"
"KDM2B","turquoise"
"GEMIN5","turquoise"
"HEXA","turquoise"
"SLC45A3","turquoise"
"CXorf22","grey"
"GLIPR2","turquoise"
"MAN2B2","turquoise"
"C19orf25","turquoise"
"GARNL3","turquoise"
"CCNB1","turquoise"
"MYO5B","brown"
"UAP1","turquoise"
"LAS1L","turquoise"
"NFS1","turquoise"
"MICU3","turquoise"
"SEMA4F","turquoise"
"ZNF589","turquoise"
"RBKS","turquoise"
"PDK2","turquoise"
"BID","turquoise"
"NEURL4","turquoise"
"TTF1","turquoise"
"SOHLH2","turquoise"
"CYB5RL","turquoise"
"GOSR1","turquoise"
"EGR1","grey"
"CGNL1","turquoise"
"KIF18B","turquoise"
"FSTL3","turquoise"
"RNMTL1","turquoise"
"IPO9","turquoise"
"WWC1","turquoise"
"ZNF577","turquoise"
"BBS4","turquoise"
"METAP1D","turquoise"
"TCOF1","turquoise"
"C9orf91","turquoise"
"KCTD6","turquoise"
"LHPP","turquoise"
"KIAA0391","turquoise"
"CNTN5","turquoise"
"SF3B5","turquoise"
"PIN1P1","turquoise"
"BAHD1","turquoise"
"OPN3","turquoise"
"SDCCAG3","turquoise"
"MIDN","turquoise"
"ZBTB5","turquoise"
"PDF","turquoise"
"FOXE3","turquoise"
"UBE2J2","turquoise"
"PRSS3","turquoise"
"PRICKLE1","grey"
"MTHFD2P7","turquoise"
"TGFBR1","turquoise"
"CRYBG3","turquoise"
"BCAS3","turquoise"
"RN7SL350P","turquoise"
"FBXL2","turquoise"
"TTI1","turquoise"
"TMEM120A","turquoise"
"VHL","turquoise"
"MNS1","brown"
"GSTO1","turquoise"
"ERMP1","turquoise"
"KPTN","turquoise"
"PPP1R35","turquoise"
"UAP1L1","turquoise"
"ZNF569","turquoise"
"RPS15","turquoise"
"CENPL","turquoise"
"SLC35D1","turquoise"
"RNF122","turquoise"
"CCDC171","turquoise"
"FLOT1","turquoise"
"ZMAT5","turquoise"
"LINC01002","turquoise"
"FAM159B","grey"
"SMTN","turquoise"
"DHPS","turquoise"
"ZNF345","turquoise"
"RN7SL272P","turquoise"
"CLCN4","turquoise"
"MSX2P1","turquoise"
"CSF2RA","turquoise"
"ZNF17","turquoise"
"PLP1","turquoise"
"PLCB2","turquoise"
"ALDOA","turquoise"
"RAB24","turquoise"
"RGS20","turquoise"
"FAM104A","turquoise"
"TBRG1","turquoise"
"CC2D1B","turquoise"
"PARP3","turquoise"
"HTR7P1","turquoise"
"PCDHB8","turquoise"
"PAPPA-AS1","grey"
"PTPRG","turquoise"
"PGAM4","turquoise"
"FAM172A","turquoise"
"ZNF358","turquoise"
"CPNE7","turquoise"
"FAXDC2","turquoise"
"PGP","turquoise"
"IKBKG","turquoise"
"CXXC4","turquoise"
"LRRC24","turquoise"
"NARS","turquoise"
"CACTIN","turquoise"
"PTTG1IP","turquoise"
"POLR3A","turquoise"
"POLR2J3","turquoise"
"C12orf49","turquoise"
"ATXN1","turquoise"
"FBLIM1","turquoise"
"SCARNA16","turquoise"
"LFNG","turquoise"
"VNN1","blue"
"PGAP1","turquoise"
"ATP6V0D2","grey"
"LRRC16A","brown"
"ZKSCAN1","turquoise"
"PPP4R4","grey"
"PANK4","turquoise"
"NME2P1","turquoise"
"EIF1","turquoise"
"PTGER2","grey"
"EIF3FP3","turquoise"
"CFL1P3","turquoise"
"COA1","turquoise"
"TMOD2","turquoise"
"LMF1","turquoise"
"ZNF266","turquoise"
"LOC100996428","turquoise"
"CMTR2","turquoise"
"EMG1","turquoise"
"ZNF426","turquoise"
"NOL12","turquoise"
"GNAI2","turquoise"
"KNSTRN","turquoise"
"XRCC4","turquoise"
"PUM1","turquoise"
"C17orf85","turquoise"
"RN7SL520P","turquoise"
"HARS2","turquoise"
"SEPHS1","turquoise"
"SELENBP1","turquoise"
"RAC3","turquoise"
"MADD","turquoise"
"KLF13","turquoise"
"ANAPC15","turquoise"
"ADCY9","turquoise"
"P2RX4","turquoise"
"MIIP","turquoise"
"FAM204A","turquoise"
"GCAT","turquoise"
"ZFP90","turquoise"
"RN7SL732P","turquoise"
"P2RY11","turquoise"
"RELL1","turquoise"
"WNT10B","turquoise"
"CEP112","grey"
"MIS18A","turquoise"
"TAF1C","turquoise"
"SLC11A2","turquoise"
"PNMAL1","turquoise"
"TERF2","turquoise"
"SLC12A3","turquoise"
"SNORA71B","turquoise"
"MOK","turquoise"
"RN7SL304P","turquoise"
"EXOC2","turquoise"
"KANK1","turquoise"
"GNG4","turquoise"
"TFCP2L1","turquoise"
"LIMS3L","turquoise"
"TMEM87B","turquoise"
"SCRIB","turquoise"
"CPNE2","turquoise"
"EEF2K","turquoise"
"PSMB2","turquoise"
"LINC00999","turquoise"
"LRRC8C","turquoise"
"INF2","turquoise"
"MIR224","turquoise"
"TNFSF4","turquoise"
"ELMO2","turquoise"
"CACNB3","turquoise"
"ANAPC16","turquoise"
"SLC4A2","turquoise"
"YWHAQP8","turquoise"
"MIR186","turquoise"
"METTL22","turquoise"
"CFB","grey"
"IQGAP3","turquoise"
"RASSF7","turquoise"
"CSK","turquoise"
"PHF7","turquoise"
"HKR1","turquoise"
"RNU6-1285P","blue"
"PLSCR4","turquoise"
"NPM3","turquoise"
"ZNF253","blue"
"KLHL24","grey"
"COPRS","turquoise"
"GTPBP6","turquoise"
"BECN1","turquoise"
"CLSTN3","turquoise"
"PIK3C2B","turquoise"
"MARCKSL1","turquoise"
"CLIP2","turquoise"
"ATP9A","turquoise"
"NECAP2","turquoise"
"CRY2","turquoise"
"MIR214","turquoise"
"RCBTB2","turquoise"
"RNU6-1263P","grey"
"SLC29A2","turquoise"
"ARHGAP23","turquoise"
"ANKRD33B","turquoise"
"ZNF699","turquoise"
"GPC1","turquoise"
"MIR17HG","turquoise"
"RFC3","turquoise"
"SNORD96A","turquoise"
"TMEM67","turquoise"
"BAX","turquoise"
"TAOK2","turquoise"
"HIST1H2BK","turquoise"
"TFPT","turquoise"
"BDH1","turquoise"
"MRPS14","turquoise"
"NECAP1","turquoise"
"POLR2I","turquoise"
"TANGO6","turquoise"
"RN7SL211P","turquoise"
"RING1","turquoise"
"ABCF3","turquoise"
"ZNHIT2","turquoise"
"XDH","grey"
"RSAD2","brown"
"ARHGEF9","turquoise"
"PCIF1","turquoise"
"CFHR1","turquoise"
"VARS2","turquoise"
"PNRC1","turquoise"
"MIR25","turquoise"
"RN7SL600P","turquoise"
"TUBGCP2","turquoise"
"LOXL1","turquoise"
"SNTA1","turquoise"
"TECPR1","turquoise"
"GLS","turquoise"
"HMGB1","turquoise"
"CCDC113","turquoise"
"MMRN2","turquoise"
"NAGLU","turquoise"
"SAMD1","turquoise"
"TMEM56","grey"
"EFNA1","turquoise"
"TANGO2","turquoise"
"CASP2","turquoise"
"FAM69B","turquoise"
"TUBB","turquoise"
"FAM214B","turquoise"
"BBS1","turquoise"
"HSPE1P6","turquoise"
"GTF2F1","turquoise"
"RPS14","turquoise"
"SF3B4","turquoise"
"LACC1","grey"
"MRPL32","turquoise"
"ERAP1","turquoise"
"DIRAS3","turquoise"
"ADCYAP1","turquoise"
"MAU2","turquoise"
"C7orf26","turquoise"
"EPB41L2","turquoise"
"CCSER1","grey"
"AAMDC","turquoise"
"FAM134A","turquoise"
"ZC3HC1","turquoise"
"MYD88","turquoise"
"RBFOX2","turquoise"
"PFDN1","turquoise"
"ZNF518B","grey"
"CROT","turquoise"
"RNU6-1092P","turquoise"
"TMEM110-MUSTN1","turquoise"
"JAG2","turquoise"
"S100A10","turquoise"
"WDR82","turquoise"
"ANKRD36","turquoise"
"SURF6","turquoise"
"FAM89B","turquoise"
"LOC100505549","turquoise"
"RASL11A","turquoise"
"STAT2","turquoise"
"SNX29P1","turquoise"
"ZNF532","turquoise"
"FILIP1L","turquoise"
"LRRC8A","turquoise"
"PLLP","turquoise"
"CARKD","turquoise"
"ZNF414","turquoise"
"KANSL3","turquoise"
"ESRP2","turquoise"
"ZBTB17","turquoise"
"MORN4","turquoise"
"NUP62CL","turquoise"
"EPHX1","turquoise"
"HOXC12","turquoise"
"ALG2","turquoise"
"DHRS2","turquoise"
"CCDC106","turquoise"
"ITGB2","turquoise"
"RAPGEF5","turquoise"
"C11orf80","turquoise"
"KLF9","turquoise"
"STEAP1B","grey"
"DDX43","grey"
"RNF125","turquoise"
"ZFPM2","turquoise"
"S100A3","turquoise"
"TACC1","turquoise"
"REXO2","turquoise"
"USP53","grey"
"PEX16","turquoise"
"ARPC1A","turquoise"
"TMLHE","turquoise"
"C1orf54","grey"
"LPPR2","turquoise"
"NFRKB","turquoise"
"MGAT5","turquoise"
"ZNF395","turquoise"
"SNRPF","turquoise"
"RNF41","turquoise"
"TPRG1L","turquoise"
"SLC35C1","turquoise"
"ZNF334","turquoise"
"JRK","turquoise"
"ATP1B3P1","turquoise"
"PSKH1","turquoise"
"UBFD1","turquoise"
"TOR3A","turquoise"
"ZNF174","turquoise"
"IMPA1P","turquoise"
"MTMR9","turquoise"
"MSI2","turquoise"
"PNMA2","grey"
"IBA57","turquoise"
"SUGCT","turquoise"
"FAM156B","turquoise"
"CES3","turquoise"
"TESK1","turquoise"
"ANKRD34B","blue"
"CHST11","turquoise"
"TUBA4A","grey"
"KIAA1467","turquoise"
"ARHGAP1","turquoise"
"RPP25","turquoise"
"LGALS8","grey"
"GCNT2","grey"
"GRAMD1C","grey"
"CYP4X1","grey"
"C16orf58","turquoise"
"POTEJ","turquoise"
"FANCG","turquoise"
"NSUN7","grey"
"PRKG1","turquoise"
"ABCD4","turquoise"
"C20orf27","turquoise"
"ZNF852","turquoise"
"KRT18P32","turquoise"
"RHOD","turquoise"
"DDX26B","turquoise"
"GNG12","turquoise"
"RITA1","turquoise"
"PIK3R2","turquoise"
"ZNHIT3","turquoise"
"CCDC15","turquoise"
"SLC44A4","turquoise"
"KCNS3","turquoise"
"ZC3H12C","turquoise"
"TMC7","turquoise"
"TBX2","turquoise"
"SLC38A11","grey"
"RP2","turquoise"
"LTBP2","turquoise"
"SLC25A33","turquoise"
"RTN4IP1","turquoise"
"C6orf165","grey"
"NFKB2","turquoise"
"COCH","blue"
"MEF2D","turquoise"
"ASB9","turquoise"
"PPAPDC1A","turquoise"
"ROBO4","turquoise"
"ERV3-1","turquoise"
"KIFC3","turquoise"
"RAB17","turquoise"
"C4orf19","turquoise"
"NINJ1","turquoise"
"PSMD13","turquoise"
"ALAD","turquoise"
"TMEM129","turquoise"
"BAG3","turquoise"
"DCUN1D5","turquoise"
"HINFP","turquoise"
"UBE2M","turquoise"
"OBSL1","turquoise"
"GRAMD1B","turquoise"
"CUL7","turquoise"
"SCRN2","turquoise"
"FAM173A","turquoise"
"AMOTL1","turquoise"
"ATP1B1","grey"
"ELFN1","turquoise"
"RCAN2","grey"
"PAQR7","turquoise"
"RN7SKP172","turquoise"
"ME3","turquoise"
"ADSL","turquoise"
"RN7SKP213","turquoise"
"ABAT","turquoise"
"ANAPC1P1","turquoise"
"EFNA5","blue"
"MIR504","turquoise"
"E2F1","turquoise"
"FOXP1","turquoise"
"TSPAN17","turquoise"
"CADM4","turquoise"
"GPC5","turquoise"
"TXLNA","turquoise"
